NRE,MUNICIPIO,CODMEC,ESTABELECIMENTO,STATUS
NUCLEO REG. EDUCACAO - APUCARANA                            ,KALORE,41035224,"ABRAHAM LINCOLN, C E-EF ETI EM",Ativo
NUCLEO REG. EDUCACAO - APUCARANA                            ,APUCARANA,41025318,"ALBERTO SANTOS DUMONT, C E C-M-EF M P",Ativo
NUCLEO REG. EDUCACAO - APUCARANA                            ,KALORE,41035232,"ALVORADA DA INFANCIA, C E C-EF M",Ativo
NUCLEO REG. EDUCACAO - APUCARANA                            ,ARAPONGAS,41026381,"ANESIO A DE AZEVEDO, C E PROF-EF M",Ativo
NUCLEO REG. EDUCACAO - APUCARANA                            ,MARILANDIA DO SUL,41027833,"ANGELO CASAGRANDE, C E PE-EF M N PROFIS",Ativo
NUCLEO REG. EDUCACAO - APUCARANA                            ,ARAPONGAS,41026403,"ANTONIO G NOVAES, C E-EF M PROFIS",Ativo
NUCLEO REG. EDUCACAO - APUCARANA                            ,ARAPONGAS,41026411,"ANTONIO RACANELLO SAMPAIO, C E-EF M",Ativo
NUCLEO REG. EDUCACAO - APUCARANA                            ,APUCARANA,41597907,"ANTONIO T R DE OLIVEIRA, C E-EF M ETI",Ativo
NUCLEO REG. EDUCACAO - APUCARANA                            ,FAXINAL,41034562,"AUGUSTO BAHLS, E E PROF-EF",Ativo
NUCLEO REG. EDUCACAO - APUCARANA                            ,ARAPONGAS,41026470,"CARAVELAS,C E C-M MARQUES DE-EF M PROFIS",Ativo
NUCLEO REG. EDUCACAO - APUCARANA                            ,JANDAIA DO SUL,41027442,"CARLOS DE CAMPOS, E E-EF ETI",Ativo
NUCLEO REG. EDUCACAO - APUCARANA                            ,APUCARANA,41025482,"CARLOS MASSARETTO, C E C-M PREF-EF M",Ativo
NUCLEO REG. EDUCACAO - APUCARANA                            ,JANDAIA DO SUL,41144376,CEEBJA CECILIA MEIRELES-EF M N,Ativo
NUCLEO REG. EDUCACAO - APUCARANA                            ,APUCARANA,41357302,CEEBJA PROFA LINDA E A MIYADI-EF M,Ativo
NUCLEO REG. EDUCACAO - APUCARANA                            ,APUCARANA,41025890,CENTRO EST EDUC PROF AGR MANOEL RIBAS,Ativo
NUCLEO REG. EDUCACAO - APUCARANA                            ,CAMBIRA,41027310,"CESAR LATTES, C E-EF M",Ativo
NUCLEO REG. EDUCACAO - APUCARANA                            ,ARAPONGAS,41026586,"EMILIO DE MENEZES, C E-EF M N PROFIS",Ativo
NUCLEO REG. EDUCACAO - APUCARANA                            ,FAXINAL,41034716,"ERICO VERISSIMO, C E-EF M N ETI PROFIS",Ativo
NUCLEO REG. EDUCACAO - APUCARANA                            ,FAXINAL,41389581,"FERNANDO SONTAG, C E C-EF M",Ativo
NUCLEO REG. EDUCACAO - APUCARANA                            ,APUCARANA,41025636,"FRANCISCO A SOUSA, E E C-M PROF - EF ETI",Ativo
NUCLEO REG. EDUCACAO - APUCARANA                            ,ARAPONGAS,41026632,"FRANCISCO F BASTOS, C E C-M-EF M PROFIS",Ativo
NUCLEO REG. EDUCACAO - APUCARANA                            ,APUCARANA,41532074,GODOMA B DE OLIVEIRA C E C PROF-EF M,Ativo
NUCLEO REG. EDUCACAO - APUCARANA                            ,ARAPONGAS,41026683,"GRACIANO DROESSLER, E E C FREI-EF ETI",Ativo
NUCLEO REG. EDUCACAO - APUCARANA                            ,CRUZMALTINA,41034775,"GUALTER FARIAS NEGRAO, C E C PE-EFM ETI",Ativo
NUCLEO REG. EDUCACAO - APUCARANA                            ,APUCARANA,41025652,"HEITOR C A FURTADO, C E C-M-EF M PROFIS",Ativo
NUCLEO REG. EDUCACAO - APUCARANA                            ,SABAUDIA,41028279,"HERMINIA R LUPION, C E C-M -EFMP",Ativo
NUCLEO REG. EDUCACAO - APUCARANA                            ,JANDAIA DO SUL,41027523,"HUMBERTO DE A C BRANCO, E E C-EF",Ativo
NUCLEO REG. EDUCACAO - APUCARANA                            ,BORRAZOPOLIS,41034244,"HUMBERTO DE A C BRANCO, E E-EF ETI",Ativo
NUCLEO REG. EDUCACAO - APUCARANA                            ,ARAPONGAS,41164920,"IRONDI MANTOVANI PUGLIESI, C E C-M-EF M",Ativo
NUCLEO REG. EDUCACAO - APUCARANA                            ,ARAPONGAS,41026705,"IVANILDE DE NORONHA, C E C-M -EF ETI EM",Ativo
NUCLEO REG. EDUCACAO - APUCARANA                            ,APUCARANA,41025695,"IZIDORO L CERAVOLO,C E PROF-EF M PROFIS",Ativo
NUCLEO REG. EDUCACAO - APUCARANA                            ,JANDAIA DO SUL,41027558,"JANDAIA DO SUL, C E C-M-EF M",Ativo
NUCLEO REG. EDUCACAO - APUCARANA                            ,BOM SUCESSO,41033930,"JOAO PAULO I, C E-EF M PROFIS",Ativo
NUCLEO REG. EDUCACAO - APUCARANA                            ,MAUA DA SERRA,41028066,"JOAO PLATH, C E-EF M N PROFIS",Ativo
NUCLEO REG. EDUCACAO - APUCARANA                            ,APUCARANA,41025717,"JOSE CANALE, C E C-M PE-EF M PROFIS",Ativo
NUCLEO REG. EDUCACAO - APUCARANA                            ,APUCARANA,41025806,"JOSE DE ANCHIETA, C E C-M PE-EF M PROFIS",Ativo
NUCLEO REG. EDUCACAO - APUCARANA                            ,BORRAZOPOLIS,41034309,"JOSE DE ANCHIETA, C E-EF M PROFIS",Ativo
NUCLEO REG. EDUCACAO - APUCARANA                            ,CRUZMALTINA,41034880,"JOSE FERREIRA DINIZ, E E C - EF",Ativo
NUCLEO REG. EDUCACAO - APUCARANA                            ,ARAPONGAS,41026764,"JULIA WANDERLEY, E E PROFA-EF",Ativo
NUCLEO REG. EDUCACAO - APUCARANA                            ,ARAPONGAS,41026772,"JULIO JUNQUEIRA, C E C DR-EF ETI EM",Ativo
NUCLEO REG. EDUCACAO - APUCARANA                            ,APUCARANA,41025865,"LUIZ J DOS SANTOS, C E C CEL-EF M PROFIS",Ativo
NUCLEO REG. EDUCACAO - APUCARANA                            ,FAXINAL,41034961,"MARIA M JAROSKIEVICZ, C E PROFA-EF M",Ativo
NUCLEO REG. EDUCACAO - APUCARANA                            ,MARUMBI,41035585,"MARUMBI, C E-EF ETI EM",Ativo
NUCLEO REG. EDUCACAO - APUCARANA                            ,ARAPONGAS,41353137,"NADIR M MONTANHA, C E PROFA-EF M PROFIS",Ativo
NUCLEO REG. EDUCACAO - APUCARANA                            ,APUCARANA,41025997,"NILO CAIRO, C E-EF M N PROFIS",Ativo
NUCLEO REG. EDUCACAO - APUCARANA                            ,FAXINAL,41035046,"OLAVO BILAC, C E C-M-EF M P",Ativo
NUCLEO REG. EDUCACAO - APUCARANA                            ,APUCARANA,41026055,"OSMAR GUARACY FREIRE, C E C-M-EF M P",Ativo
NUCLEO REG. EDUCACAO - APUCARANA                            ,APUCARANA,41026152,"POLIVALENTE C D SILVA, C E C-M-EF M P",Ativo
NUCLEO REG. EDUCACAO - APUCARANA                            ,RIO BOM,41035801,"REBOUCAS, C E DO C DR-EF ETI EM",Ativo
NUCLEO REG. EDUCACAO - APUCARANA                            ,ARAPONGAS,41143426,"REGINA C A DOS S DOMIT, C E PROF-EF M",Ativo
NUCLEO REG. EDUCACAO - APUCARANA                            ,CAMBIRA,41027370,"ROSA D CALSAVARA, C E C-M-EF M PROFIS",Ativo
NUCLEO REG. EDUCACAO - APUCARANA                            ,JANDAIA DO SUL,41027710,"RUI BARBOSA, C E-EF M ETI PROFIS",Ativo
NUCLEO REG. EDUCACAO - APUCARANA                            ,SABAUDIA,41028333,"SABAUDIA, C E-EF M",Ativo
NUCLEO REG. EDUCACAO - APUCARANA                            ,APUCARANA,41026233,"SAO BARTOLOMEU, C E-EF M",Ativo
NUCLEO REG. EDUCACAO - APUCARANA                            ,APUCARANA,41026284,"TADASHI ENOMOTO, C E C-M-EF M",Ativo
NUCLEO REG. EDUCACAO - APUCARANA                            ,CALIFORNIA,41027299,"TALITA BRESOLIN, C E-EF ETI EM PROFIS",Ativo
NUCLEO REG. EDUCACAO - APUCARANA                            ,MARILANDIA DO SUL,41028023,"TANCREDO NEVES, C E C-EF ETI EM",Ativo
NUCLEO REG. EDUCACAO - APUCARANA                            ,NOVO ITACOLOMI,41028236,"TOME DE SOUZA, C E-EF M",Ativo
NUCLEO REG. EDUCACAO - APUCARANA                            ,JANDAIA DO SUL,41027809,"UNIDADE POLO, C E-EF M P",Ativo
NUCLEO REG. EDUCACAO - APUCARANA                            ,ARAPONGAS,41027060,"UNIDADE POLO, C E-EF M PROFIS",Ativo
NUCLEO REG. EDUCACAO - APUCARANA                            ,APUCARANA,41143418,"VALE DO SABER, C E-EF ETI EM",Ativo
NUCLEO REG. EDUCACAO - APUCARANA                            ,MAUA DA SERRA,41167023,"VILSON MIRANDA, C E-EF ETI EM",Ativo
NUCLEO REG. EDUCACAO - APUCARANA                            ,ARAPONGAS,41027086,"WALFREDO S CORREA, C E C-M-EF M PROFIS",Ativo
NUCLEO REG. EDUCACAO - AREA METROP. SUL                     ,CAMPO LARGO,41125479,"1 CENTENARIO, C E C-M-EF M P",Ativo
NUCLEO REG. EDUCACAO - AREA METROP. SUL                     ,FAZENDA RIO GRANDE,41148711,"ABILIO LOURENCO DOS SANTOS, C E-EFMPN",Ativo
NUCLEO REG. EDUCACAO - AREA METROP. SUL                     ,CONTENDA,41378237,"ADHELMAR SICURO, C E C DR-EF M",Ativo
NUCLEO REG. EDUCACAO - AREA METROP. SUL                     ,SAO JOSE DOS PINHAIS,41137230,"AFONSO PENA, C E-EF M PROFIS",Ativo
NUCLEO REG. EDUCACAO - AREA METROP. SUL                     ,ARAUCARIA,41123387,"AGALVIRA B PINTO, C E PROFA-EF M",Ativo
NUCLEO REG. EDUCACAO - AREA METROP. SUL                     ,CAMPO LARGO,41143582,"ALBINA NOVAK MUGINOSKI, C E PROFA-EF M",Ativo
NUCLEO REG. EDUCACAO - AREA METROP. SUL                     ,CAMPO DO TENENTE,41384571,"ALEXANDRA PEICHO, E E C-EF",Ativo
NUCLEO REG. EDUCACAO - AREA METROP. SUL                     ,PIEN,41141725,"ALFREDO GREIPEL JUNIOR, C E C-E F M P",Ativo
NUCLEO REG. EDUCACAO - AREA METROP. SUL                     ,CAMPO LARGO,41361628,"ALOISIO, C E C PROF-EF M",Ativo
NUCLEO REG. EDUCACAO - AREA METROP. SUL                     ,RIO NEGRO,41353510,"ALVINO SCHELBAUER, C E-EF M",Ativo
NUCLEO REG. EDUCACAO - AREA METROP. SUL                     ,SAO JOSE DOS PINHAIS,41369270,"AMBROSIA SABATOVICH, C E C IR-EF M",Ativo
NUCLEO REG. EDUCACAO - AREA METROP. SUL                     ,ARAUCARIA,41366964,"ANA MARIA V KAVA, C E C PROFA- E F M P",Ativo
NUCLEO REG. EDUCACAO - AREA METROP. SUL                     ,RIO NEGRO,41353498,"ANA SCHELBAUER B DE OLIVEIRA, C E C-EF M",Ativo
NUCLEO REG. EDUCACAO - AREA METROP. SUL                     ,FAZENDA RIO GRANDE,41148703,"ANDERSON RANGEL, C E C-M PROF-EF M",Ativo
NUCLEO REG. EDUCACAO - AREA METROP. SUL                     ,SAO JOSE DOS PINHAIS,41146085,"ANGELINA A C DO PRADO, C E PROFA-EFMP",Ativo
NUCLEO REG. EDUCACAO - AREA METROP. SUL                     ,BALSA NOVA,41123913,"ANGELO GEQUELIN, C E VER-EF M",Ativo
NUCLEO REG. EDUCACAO - AREA METROP. SUL                     ,FAZENDA RIO GRANDE,41134460,"ANITA CANET, C E-EF M",Ativo
NUCLEO REG. EDUCACAO - AREA METROP. SUL                     ,SAO JOSE DOS PINHAIS,41137329,"ANITA CANET, C E-EF M P",Ativo
NUCLEO REG. EDUCACAO - AREA METROP. SUL                     ,RIO NEGRO,41142497,"ANTONINA, C E BAR DE-EF M PROFIS",Ativo
NUCLEO REG. EDUCACAO - AREA METROP. SUL                     ,LAPA,41121490,"ANTONIO LACERDA BRAGA, CEC-EFM ETI PROFI",Ativo
NUCLEO REG. EDUCACAO - AREA METROP. SUL                     ,SAO JOSE DOS PINHAIS,41146093,"ANTONIO VIEIRA, C E C-M PE-EF M",Ativo
NUCLEO REG. EDUCACAO - AREA METROP. SUL                     ,ARAUCARIA,41360052,"ARAUCARIA, C E C-EF ETI EM",Ativo
NUCLEO REG. EDUCACAO - AREA METROP. SUL                     ,SAO JOSE DOS PINHAIS,41137361,"ARNALDO JANSEN, C E C-M PE-EF M PROFIS",Ativo
NUCLEO REG. EDUCACAO - AREA METROP. SUL                     ,CAMPO LARGO,41386221,"AUGUSTO VANIN, C E-EF M ETI",Ativo
NUCLEO REG. EDUCACAO - AREA METROP. SUL                     ,SAO JOSE DOS PINHAIS,41361512,"BARRO PRETO, C E-EF M",Ativo
NUCLEO REG. EDUCACAO - AREA METROP. SUL                     ,FAZENDA RIO GRANDE,41134494,"BAYARD OSNA, C E DR-EF M",Ativo
NUCLEO REG. EDUCACAO - AREA METROP. SUL                     ,QUITANDINHA,41142039,"CAETANO M DA ROCHA, C E DO C DR-EF M",Ativo
NUCLEO REG. EDUCACAO - AREA METROP. SUL                     ,RIO NEGRO,41142543,"CAETANO M ROCHA, C E C-M PRES-EF M",Ativo
NUCLEO REG. EDUCACAO - AREA METROP. SUL                     ,LAPA,41121600,"CARNEIRO, C E C-M GAL-EF M",Ativo
NUCLEO REG. EDUCACAO - AREA METROP. SUL                     ,CAMPO LARGO,41361636,"CASEMIRO KARMAN, C E-E F M ETI PROFIS",Ativo
NUCLEO REG. EDUCACAO - AREA METROP. SUL                     ,ARAUCARIA,41157974,"CECILIA MEIRELES, C E-EF M",Ativo
NUCLEO REG. EDUCACAO - AREA METROP. SUL                     ,ARAUCARIA,41357280,CEEBJA ARAUCARIA-EF M,Ativo
NUCLEO REG. EDUCACAO - AREA METROP. SUL                     ,CAMPO LARGO,41143639,CEEBJA PROF DOMINGOS CAVALLI-EF M,Ativo
NUCLEO REG. EDUCACAO - AREA METROP. SUL                     ,FAZENDA RIO GRANDE,41155580,CEEP DE FAZDA RIO GRAND EROT ANG NICHELE,Ativo
NUCLEO REG. EDUCACAO - AREA METROP. SUL                     ,LAPA,41382560,CENTRO EST EDUC PROFIS AGRIC DA LAPA,Ativo
NUCLEO REG. EDUCACAO - AREA METROP. SUL                     ,RIO NEGRO,41374088,CENTRO EST EDUC PROFIS LYSIMACO F COSTA,Ativo
NUCLEO REG. EDUCACAO - AREA METROP. SUL                     ,SAO JOSE DOS PINHAIS,41137493,"CHICO MENDES, C E C-M-EF M",Ativo
NUCLEO REG. EDUCACAO - AREA METROP. SUL                     ,ARAUCARIA,41389247,"CLEIDE LENI L KURZAWA, C E PROFA-EF M",Ativo
NUCLEO REG. EDUCACAO - AREA METROP. SUL                     ,CAMPO LARGO,41125029,"CLOTARIO PORTUGAL, C E DES-EF M PROFIS",Ativo
NUCLEO REG. EDUCACAO - AREA METROP. SUL                     ,SAO JOSE DOS PINHAIS,41373057,"COLONIA MALHADA, C E C-EF M PROFIS",Ativo
NUCLEO REG. EDUCACAO - AREA METROP. SUL                     ,SAO JOSE DOS PINHAIS,41137531,"COLONIA MURICI, C E DA-EF M PROFIS",Ativo
NUCLEO REG. EDUCACAO - AREA METROP. SUL                     ,CAMPO LARGO,41369882,"CONSTANTINO MAROCHI, E E-EF",Ativo
NUCLEO REG. EDUCACAO - AREA METROP. SUL                     ,LAPA,41147847,"CONTESTADO, C E C-EF M",Ativo
NUCLEO REG. EDUCACAO - AREA METROP. SUL                     ,SAO JOSE DOS PINHAIS,41137558,"COSTA VIANA, C E-EF M PROFIS N",Ativo
NUCLEO REG. EDUCACAO - AREA METROP. SUL                     ,FAZENDA RIO GRANDE,41380975,"CUNHA PEREIRA, C E DES-EF M",Ativo
NUCLEO REG. EDUCACAO - AREA METROP. SUL                     ,CAMPO LARGO,41369874,"DARLEI ADAD, C E-EF M P",Ativo
NUCLEO REG. EDUCACAO - AREA METROP. SUL                     ,FAZENDA RIO GRANDE,41134516,"DECIO DOSSI, C E DR-EF M PROFIS",Ativo
NUCLEO REG. EDUCACAO - AREA METROP. SUL                     ,ARAUCARIA,41123506,"DIAS DA ROCHA, C E C-M-EF M P",Ativo
NUCLEO REG. EDUCACAO - AREA METROP. SUL                     ,CAMPO LARGO,41125053,"DJALMA MARINHO, C E C-M-EF M PROFIS",Ativo
NUCLEO REG. EDUCACAO - AREA METROP. SUL                     ,QUITANDINHA,41142055,"DOCE FINO, C E C DE-EF M P",Ativo
NUCLEO REG. EDUCACAO - AREA METROP. SUL                     ,BALSA NOVA,41383605,"DONOZOR N NOGUEIRA, C E VER-EF M",Ativo
NUCLEO REG. EDUCACAO - AREA METROP. SUL                     ,CAMPO LARGO,41361709,"EDITHE, C E PROFA-EF M",Ativo
NUCLEO REG. EDUCACAO - AREA METROP. SUL                     ,QUITANDINHA,41142063,"ELEUTERIO F DE ANDRADE, C E C-M-EF M P",Ativo
NUCLEO REG. EDUCACAO - AREA METROP. SUL                     ,SAO JOSE DOS PINHAIS,41361911,"ELZA SCHERNER MORO, C E-EF M P",Ativo
NUCLEO REG. EDUCACAO - AREA METROP. SUL                     ,ARAUCARIA,41387198,"ELZEARIO PITZ, C E PROF -EFMP",Ativo
NUCLEO REG. EDUCACAO - AREA METROP. SUL                     ,SAO JOSE DOS PINHAIS,41137736,"EUNICE BORGES DA ROCHA, C E C-EF M",Ativo
NUCLEO REG. EDUCACAO - AREA METROP. SUL                     ,FAZENDA RIO GRANDE,41382676,"FAZENDA RIO GRANDE, C E-EF M PROFIS",Ativo
NUCLEO REG. EDUCACAO - AREA METROP. SUL                     ,ARAUCARIA,41123565,"FAZENDA VELHA, C E-EF M",Ativo
NUCLEO REG. EDUCACAO - AREA METROP. SUL                     ,CAMPO LARGO,41361652,"FRANCISCO BELINOVSKI, C E PE-EF M",Ativo
NUCLEO REG. EDUCACAO - AREA METROP. SUL                     ,QUITANDINHA,41362268,"FRANCISCO LECHINOSKI, C E C-EF ETI EM",Ativo
NUCLEO REG. EDUCACAO - AREA METROP. SUL                     ,TIJUCAS DO SUL,41143051,"FRANCISCO M DE L CAMARGO,C E C PROF-EF M",Ativo
NUCLEO REG. EDUCACAO - AREA METROP. SUL                     ,PIEN,41141806,"FREDERICO GUILHERME GIESE, C E-EF M P",Ativo
NUCLEO REG. EDUCACAO - AREA METROP. SUL                     ,CAMPO LARGO,41361610,"GERALDINA DA MOTA, C E PROFA-EFM ETI",Ativo
NUCLEO REG. EDUCACAO - AREA METROP. SUL                     ,SAO JOSE DOS PINHAIS,41137809,"GODOFREDO MACHADO, E E-EF",Ativo
NUCLEO REG. EDUCACAO - AREA METROP. SUL                     ,ARAUCARIA,41375076,"GUAJUVIRA, C E C-EF M PROF",Ativo
NUCLEO REG. EDUCACAO - AREA METROP. SUL                     ,SAO JOSE DOS PINHAIS,41137841,"GUATUPE, C E-EF M PROFIS",Ativo
NUCLEO REG. EDUCACAO - AREA METROP. SUL                     ,ARAUCARIA,41360060,"HELENA WYSOCKI, C E PROFA-EF M PROFIS",Ativo
NUCLEO REG. EDUCACAO - AREA METROP. SUL                     ,SAO JOSE DOS PINHAIS,41137540,"HERBERT DE SOUZA, C E-EF M PROFIS",Ativo
NUCLEO REG. EDUCACAO - AREA METROP. SUL                     ,RIO NEGRO,41142527,"INACIO SCHELBAUER, E E-EF",Ativo
NUCLEO REG. EDUCACAO - AREA METROP. SUL                     ,CAMPO LARGO,41166809,"INOVE, C E-EF M ETI PROFIS",Ativo
NUCLEO REG. EDUCACAO - AREA METROP. SUL                     ,SAO JOSE DOS PINHAIS,41137868,"IPE, C E - EF M PROFIS",Ativo
NUCLEO REG. EDUCACAO - AREA METROP. SUL                     ,LAPA,41144430,"IRMA A B BIANCHINI, PROFA - EF ETI EM",Ativo
NUCLEO REG. EDUCACAO - AREA METROP. SUL                     ,SAO JOSE DOS PINHAIS,41167171,"JARDIM CRISTAL, EE - EF",Ativo
NUCLEO REG. EDUCACAO - AREA METROP. SUL                     ,ARAUCARIA,41389255,"JOANA GURSKI, C E C-EF M",Ativo
NUCLEO REG. EDUCACAO - AREA METROP. SUL                     ,MANDIRITUBA,41135270,"JOAO A DE CAMARGO, C E-EF M PROFIS N",Ativo
NUCLEO REG. EDUCACAO - AREA METROP. SUL                     ,FAZENDA RIO GRANDE,41601904,"JOAO HOINATZ ANDRADE, C E C-M -EFM",Ativo
NUCLEO REG. EDUCACAO - AREA METROP. SUL                     ,ARAUCARIA,41389565,"JOAO NERLI DA CRUZ, C E PROF-EF M",Ativo
NUCLEO REG. EDUCACAO - AREA METROP. SUL                     ,CAMPO LARGO,41125193,"JOAO XXIII, C E C-M-EF M",Ativo
NUCLEO REG. EDUCACAO - AREA METROP. SUL                     ,MANDIRITUBA,41135334,"JOAQUIM DE O FRANCO, C E-EF M N PROFIS",Ativo
NUCLEO REG. EDUCACAO - AREA METROP. SUL                     ,FAZENDA RIO GRANDE,41134605,"JORGE ANDRIGUETTO, C E DES-EF M N",Ativo
NUCLEO REG. EDUCACAO - AREA METROP. SUL                     ,CAMPO LARGO,41361679,"JULIO NERONE, C E-EF M",Ativo
NUCLEO REG. EDUCACAO - AREA METROP. SUL                     ,ARAUCARIA,41123662,"JULIO SZYMANSKI, C E PROF-E F M P N",Ativo
NUCLEO REG. EDUCACAO - AREA METROP. SUL                     ,LAPA,41121902,"JUSCELINO K DE OLIVEIRA, CEC DR-EF ETI M",Ativo
NUCLEO REG. EDUCACAO - AREA METROP. SUL                     ,SAO JOSE DOS PINHAIS,41137930,"JUSCELINO K OLIVEIRA, C E-EF M P",Ativo
NUCLEO REG. EDUCACAO - AREA METROP. SUL                     ,LAPA,41121910,"JUVENAL B DA SILVEIRA, C E C-EF M",Ativo
NUCLEO REG. EDUCACAO - AREA METROP. SUL                     ,BALSA NOVA,41124014,"JUVENTUDE DE SANTO ANTONIO, C E C-M-EF M",Ativo
NUCLEO REG. EDUCACAO - AREA METROP. SUL                     ,TIJUCAS DO SUL,41143132,"KAMILLA P DA CRUZ, C E C PROFA - EF M P",Ativo
NUCLEO REG. EDUCACAO - AREA METROP. SUL                     ,QUITANDINHA,41372581,"LAGOA VERDE, E E C-EF",Ativo
NUCLEO REG. EDUCACAO - AREA METROP. SUL                     ,CAMPO LARGO,41143620,"LENIRO R BITTENCOURT, E E DR-EF ETI",Ativo
NUCLEO REG. EDUCACAO - AREA METROP. SUL                     ,ARAUCARIA,41123689,"LINCOLN S COIMBRA, C E-EF M",Ativo
NUCLEO REG. EDUCACAO - AREA METROP. SUL                     ,SAO JOSE DOS PINHAIS,41137515,"LINDAURA R LUCAS, C E PROF-EF M PROFIS",Ativo
NUCLEO REG. EDUCACAO - AREA METROP. SUL                     ,FAZENDA RIO GRANDE,41387260,"LIRIA MICHELETO NICHELE, C E-EF M",Ativo
NUCLEO REG. EDUCACAO - AREA METROP. SUL                     ,FAZENDA RIO GRANDE,41387180,"LUCY REQUIAO M E SILVA, C E-EF M PROFIS",Ativo
NUCLEO REG. EDUCACAO - AREA METROP. SUL                     ,CAMPO LARGO,41125304,"MACEDO SOARES, C E C-M-EF M PROFIS",Ativo
NUCLEO REG. EDUCACAO - AREA METROP. SUL                     ,LAPA,41121945,"MANOEL A DA CUNHA, C E C-M-EF M",Ativo
NUCLEO REG. EDUCACAO - AREA METROP. SUL                     ,ARAUCARIA,41415248,"MARIA DA G S SILVA E LIMA, C E PROF-EFM",Ativo
NUCLEO REG. EDUCACAO - AREA METROP. SUL                     ,BALSA NOVA,41124022,"MARIA L F PACHECO, C E PROFA-EF M",Ativo
NUCLEO REG. EDUCACAO - AREA METROP. SUL                     ,MANDIRITUBA,41369742,"MARIA SENEK WOSNHAKI, C E C PROFA-EF M",Ativo
NUCLEO REG. EDUCACAO - AREA METROP. SUL                     ,SAO JOSE DOS PINHAIS,41137698,"MARIA VIDAL NOVAES, E E-EF",Ativo
NUCLEO REG. EDUCACAO - AREA METROP. SUL                     ,ARAUCARIA,41601912,"MARILZE DA LUZ BRAND, C E PROFA-EF M P",Ativo
NUCLEO REG. EDUCACAO - AREA METROP. SUL                     ,SAO JOSE DOS PINHAIS,41165276,"MAURICIO FERRAZ DA COSTA, C E PROF-EF M",Ativo
NUCLEO REG. EDUCACAO - AREA METROP. SUL                     ,RIO NEGRO,41353544,"MAXIMIANO PFEFFER, C E C-EF M",Ativo
NUCLEO REG. EDUCACAO - AREA METROP. SUL                     ,CONTENDA,41126670,"MIGUEL FRANCO FILHO, C E C-M-EF M PROFIS",Ativo
NUCLEO REG. EDUCACAO - AREA METROP. SUL                     ,QUITANDINHA,41142217,"MIGUEL J MICKOSZ, C E C MONS-EF M",Ativo
NUCLEO REG. EDUCACAO - AREA METROP. SUL                     ,MANDIRITUBA,41152905,"MIREILLE M F Z MACHADO, E E C-M PR-EF",Ativo
NUCLEO REG. EDUCACAO - AREA METROP. SUL                     ,ARAUCARIA,41158059,"MONTEIRO LOBATO, C E-EF M",Ativo
NUCLEO REG. EDUCACAO - AREA METROP. SUL                     ,LAPA,41122097,"NOSSA SRA DO DESTERRO, C E C-EF M",Ativo
NUCLEO REG. EDUCACAO - AREA METROP. SUL                     ,SAO JOSE DOS PINHAIS,41138090,"NOSSA SRA DOS MILAGRES, C E-EFM",Ativo
NUCLEO REG. EDUCACAO - AREA METROP. SUL                     ,FAZENDA RIO GRANDE,41378300,"OLINDAMIR MERLIN CLAUDINO, C E-EF M",Ativo
NUCLEO REG. EDUCACAO - AREA METROP. SUL                     ,CAMPO LARGO,41125401,"OTALIPIO P DE ANDRADE, C E-EF M PROFIS",Ativo
NUCLEO REG. EDUCACAO - AREA METROP. SUL                     ,RIO NEGRO,41142837,"OVANDE DO AMARAL, C E C-M DR-EF M",Ativo
NUCLEO REG. EDUCACAO - AREA METROP. SUL                     ,QUITANDINHA,41360486,"PAULO FREIRE, C E C PROF-EF M",Ativo
NUCLEO REG. EDUCACAO - AREA METROP. SUL                     ,CAMPO LARGO,41125436,"PEDRO II, C E D-EF M",Ativo
NUCLEO REG. EDUCACAO - AREA METROP. SUL                     ,CONTENDA,41389298,"PEDRO JOSE PUCHALSKI, C E C PROF-EF M",Ativo
NUCLEO REG. EDUCACAO - AREA METROP. SUL                     ,RIO NEGRO,41353528,"RABELO, C E GEN-EF ETI EM",Ativo
NUCLEO REG. EDUCACAO - AREA METROP. SUL                     ,ARAUCARIA,41158806,"ROCHA POMBO, C E C-M-EF M",Ativo
NUCLEO REG. EDUCACAO - AREA METROP. SUL                     ,AGUDOS DO SUL,41141482,"RUI BARBOSA, C E C-EF M",Ativo
NUCLEO REG. EDUCACAO - AREA METROP. SUL                     ,CAMPO LARGO,41125541,"SAGRADA FAMILIA, C E-EF M N P",Ativo
NUCLEO REG. EDUCACAO - AREA METROP. SUL                     ,SAO JOSE DOS PINHAIS,41137671,"SAO CRISTOVAO, C E-EF M PROFIS N",Ativo
NUCLEO REG. EDUCACAO - AREA METROP. SUL                     ,CAMPO LARGO,41361687,"SAO FRANCISCO DE ASSIS, C E C-EF M",Ativo
NUCLEO REG. EDUCACAO - AREA METROP. SUL                     ,LAPA,41122313,"SAO JOSE, C E-E F M P",Ativo
NUCLEO REG. EDUCACAO - AREA METROP. SUL                     ,CAMPO LARGO,41125568,"SAO PEDRO E SAO PAULO, C E-EF M",Ativo
NUCLEO REG. EDUCACAO - AREA METROP. SUL                     ,CAMPO LARGO,41369858,"SEBASTIAO CARDOSO LEAL, C E-EF M",Ativo
NUCLEO REG. EDUCACAO - AREA METROP. SUL                     ,SAO JOSE DOS PINHAIS,41389310,"SHIRLEY C T MACHADO, C E C-M-EF M PROF",Ativo
NUCLEO REG. EDUCACAO - AREA METROP. SUL                     ,SAO JOSE DOS PINHAIS,41138422,"SILVEIRA DA MOTTA, C E-EF M PROFIS",Ativo
NUCLEO REG. EDUCACAO - AREA METROP. SUL                     ,FAZENDA RIO GRANDE,41159888,"SUSI CRISTINE DA S SILVA, C E PROFA-EF M",Ativo
NUCLEO REG. EDUCACAO - AREA METROP. SUL                     ,SAO JOSE DOS PINHAIS,41600894,"TARSILA DO AMARAL, C E-EF M PROFIS",Ativo
NUCLEO REG. EDUCACAO - AREA METROP. SUL                     ,SAO JOSE DOS PINHAIS,41138449,"TIRADENTES, C E-EF M N PROFIS",Ativo
NUCLEO REG. EDUCACAO - AREA METROP. SUL                     ,LAPA,41122429,"TRAJANO EHLKE PIRES, C E C-EF M",Ativo
NUCLEO REG. EDUCACAO - AREA METROP. SUL                     ,SAO JOSE DOS PINHAIS,41138457,"UNIDADE POLO, C E-EF M PROFIS",Ativo
NUCLEO REG. EDUCACAO - AREA METROP. SUL                     ,FAZENDA RIO GRANDE,41386582,"VALDIVINO PAROLIN ACORDES, C E-EF M",Ativo
NUCLEO REG. EDUCACAO - AREA METROP. SUL                     ,ARAUCARIA,41123883,"VESPERTINO F PIMPAO, C E DEP-EF M",Ativo
NUCLEO REG. EDUCACAO - AREA METROP. SUL                     ,CAMPO DO TENENTE,41141695,"VICTOR BUSSMANN, C E-EF M PROFIS",Ativo
NUCLEO REG. EDUCACAO - AREA METROP. SUL                     ,SAO JOSE DOS PINHAIS,41601890,"ZILDA ARNS NEUMANN, C E C-M DRA-EF M P",Ativo
NUCLEO REG. EDUCACAO - AREA METROP. SUL                     ,CONTENDA,41387813,ZILOAH DE M CARVALHO C E PROFA-EF M P,Ativo
NUCLEO REG. EDUCACAO - AREA METROP.NORTE                    ,COLOMBO,41125649,"ABRAHAM LINCOLN, C E PRES-EF M N PROFIS",Ativo
NUCLEO REG. EDUCACAO - AREA METROP.NORTE                    ,ALMIRANTE TAMANDARE,41122801,"ALBERTO KRAUSE, C E C-M PROF-EF M P",Ativo
NUCLEO REG. EDUCACAO - AREA METROP.NORTE                    ,COLOMBO,41125673,"ALFREDO CHAVES, C E C-M-EF M",Ativo
NUCLEO REG. EDUCACAO - AREA METROP.NORTE                    ,PIRAQUARA,41136080,"ALGATE LICKFELD MAUS, C E PROFA-EF M",Ativo
NUCLEO REG. EDUCACAO - AREA METROP.NORTE                    ,COLOMBO,41126556,"ALTAIR DA SILVA LEME, C E PROF-EF M P",Ativo
NUCLEO REG. EDUCACAO - AREA METROP.NORTE                    ,ALMIRANTE TAMANDARE,41122615,"AMBROSIO BINI, C E-EF M PROFIS",Ativo
NUCLEO REG. EDUCACAO - AREA METROP.NORTE                    ,PINHAIS,41135580,"AMYNTAS DE BARROS, C E-EF M PROFIS",Ativo
NUCLEO REG. EDUCACAO - AREA METROP.NORTE                    ,QUATRO BARRAS,41136292,"ANDRE ANDREATTA, C E-EF M PROFIS",Ativo
NUCLEO REG. EDUCACAO - AREA METROP.NORTE                    ,ALMIRANTE TAMANDARE,41122623,"ANGELA SANDRI TEIXEIRA, C E PROF-EF M P",Ativo
NUCLEO REG. EDUCACAO - AREA METROP.NORTE                    ,ITAPERUCU,41134710,"ANTONIO ALVES, E E BEL-EF",Ativo
NUCLEO REG. EDUCACAO - AREA METROP.NORTE                    ,COLOMBO,41125770,"ANTONIO L BRAGA, C E-EFMPN",Ativo
NUCLEO REG. EDUCACAO - AREA METROP.NORTE                    ,QUATRO BARRAS,41136306,"ARLINDA F CREPLIVE, C E-EFMNP",Ativo
NUCLEO REG. EDUCACAO - AREA METROP.NORTE                    ,PINHAIS,41135610,"ARNALDO F BUSATO,C E DEP-EF M N PROFIS",Ativo
NUCLEO REG. EDUCACAO - AREA METROP.NORTE                    ,CERRO AZUL,41120493,"AUGUSTO A DA PAIXAO, C E C-EF M",Ativo
NUCLEO REG. EDUCACAO - AREA METROP.NORTE                    ,CAMPINA GRANDE DO SUL,41357221,"BANDEIRANTES, C E-EF M PROFIS",Ativo
NUCLEO REG. EDUCACAO - AREA METROP.NORTE                    ,ITAPERUCU,41354478,"BEDA MARIA, C E FR-EF M N",Ativo
NUCLEO REG. EDUCACAO - AREA METROP.NORTE                    ,COLOMBO,41125819,"BENTO M DA ROCHA NETO, C E-EF M PROFIS",Ativo
NUCLEO REG. EDUCACAO - AREA METROP.NORTE                    ,PIRAQUARA,41150821,"BOA ESPERANCA, E E-EF",Ativo
NUCLEO REG. EDUCACAO - AREA METROP.NORTE                    ,COLOMBO,41155025,"CAMINHOS DA NATUREZA, E E-EF",Ativo
NUCLEO REG. EDUCACAO - AREA METROP.NORTE                    ,CAMPO MAGRO,41406826,"CAMPO MAGRO, C E-EF M",Ativo
NUCLEO REG. EDUCACAO - AREA METROP.NORTE                    ,CAMPINA GRANDE DO SUL,41124596,"CAMPOS SALES, C E-EF M PROFIS",Ativo
NUCLEO REG. EDUCACAO - AREA METROP.NORTE                    ,BOCAIUVA DO SUL,41124251,"CARLOS ALBERTO RIBEIRO, C E-EF ETI N",Ativo
NUCLEO REG. EDUCACAO - AREA METROP.NORTE                    ,ALMIRANTE TAMANDARE,41143370,CEEBJA AYRTON SENNA DA SILVA-E F M,Ativo
NUCLEO REG. EDUCACAO - AREA METROP.NORTE                    ,PIRAQUARA,41356934,CEEBJA DR MARIO FARACO-EF M,Ativo
NUCLEO REG. EDUCACAO - AREA METROP.NORTE                    ,COLOMBO,41143809,CEEBJA ULYSSES GUIMARAES-EF M,Ativo
NUCLEO REG. EDUCACAO - AREA METROP.NORTE                    ,PINHAIS,41357361,CEEBJA ZILDA ARNS NEUMANN-EFM,Ativo
NUCLEO REG. EDUCACAO - AREA METROP.NORTE                    ,PINHAIS,41387732,CENTRO EST EDUC PROFIS NEWTON F MAIA,Ativo
NUCLEO REG. EDUCACAO - AREA METROP.NORTE                    ,PINHAIS,41387724,"DANIEL ROCHA, C E PROF-EF M PROFIS",Ativo
NUCLEO REG. EDUCACAO - AREA METROP.NORTE                    ,CAMPINA GRANDE DO SUL,41163370,"DANILO ZANONA RIBEIRO, CEC PROF - EF MP",Ativo
NUCLEO REG. EDUCACAO - AREA METROP.NORTE                    ,ADRIANOPOLIS,41532082,"DIOGO RAMOS, C E QUILOMBOLA-EF M",Ativo
NUCLEO REG. EDUCACAO - AREA METROP.NORTE                    ,CAMPO MAGRO,41122810,"DIVINA PASTORA, C E-EF M",Ativo
NUCLEO REG. EDUCACAO - AREA METROP.NORTE                    ,COLOMBO,41407229,"DJALMA JOHNSSON, C E PREF-EF M",Ativo
NUCLEO REG. EDUCACAO - AREA METROP.NORTE                    ,ALMIRANTE TAMANDARE,41122828,"EDIMAR WRIGHT, C E PROF-EF M N PROFIS",Ativo
NUCLEO REG. EDUCACAO - AREA METROP.NORTE                    ,QUATRO BARRAS,41352610,"ELIAS ABRAHAO, C E C-M-EF M PROFIS",Ativo
NUCLEO REG. EDUCACAO - AREA METROP.NORTE                    ,CAMPO MAGRO,41122836,"EMILIA BUZATO, C E C-M EF M PROFIS",Ativo
NUCLEO REG. EDUCACAO - AREA METROP.NORTE                    ,ALMIRANTE TAMANDARE,41122860,"FLORIPA TEIXEIRA DE FARIA, C E-EF M PROF",Ativo
NUCLEO REG. EDUCACAO - AREA METROP.NORTE                    ,COLOMBO,41125940,"GENESIO MORESCHI, C E-EF M",Ativo
NUCLEO REG. EDUCACAO - AREA METROP.NORTE                    ,PIRAQUARA,41373472,"GILBERTO A DO NASCIMENTO, C E DR-EFMNP",Ativo
NUCLEO REG. EDUCACAO - AREA METROP.NORTE                    ,COLOMBO,41125967,"GUARAITUBA, C E DE-EF M",Ativo
NUCLEO REG. EDUCACAO - AREA METROP.NORTE                    ,COLOMBO,41126050,"HELENA KOLODY, C E-EF M PROF",Ativo
NUCLEO REG. EDUCACAO - AREA METROP.NORTE                    ,COLOMBO,41125983,"HERACLITO F SOBRAL PINTO, C E-EF M PROFI",Ativo
NUCLEO REG. EDUCACAO - AREA METROP.NORTE                    ,RIO BRANCO DO SUL,41136705,"HILDA FARIA FRANCO, E E PROFA-EF",Ativo
NUCLEO REG. EDUCACAO - AREA METROP.NORTE                    ,PINHAIS,41135709,"HUMBERTO A CASTELO BRANCO,C E-EF M PROFI",Ativo
NUCLEO REG. EDUCACAO - AREA METROP.NORTE                    ,PIRAQUARA,41156870,"IEDO NESPOLO, C E PROF-EF M",Ativo
NUCLEO REG. EDUCACAO - AREA METROP.NORTE                    ,CAMPO MAGRO,41122917,"IRIA BORGES DE MACEDO, C E PROFA-EFM",Ativo
NUCLEO REG. EDUCACAO - AREA METROP.NORTE                    ,CERRO AZUL,41120779,"ISABEL, C E PRINC-EF M N PROFIS",Ativo
NUCLEO REG. EDUCACAO - AREA METROP.NORTE                    ,CAMPINA GRANDE DO SUL,41124669,"IVAN F DO AMARAL FILHO, C E C-M EF M P",Ativo
NUCLEO REG. EDUCACAO - AREA METROP.NORTE                    ,PIRAQUARA,41136128,"IVANETE M DE SOUZA, C E-EF M N P",Ativo
NUCLEO REG. EDUCACAO - AREA METROP.NORTE                    ,ALMIRANTE TAMANDARE,41122925,"JACI REAL P OLIVEIRA, C E C-M PROFA-EFMP",Ativo
NUCLEO REG. EDUCACAO - AREA METROP.NORTE                    ,ALMIRANTE TAMANDARE,41122941,"JARDIM APUCARANA, C E-EF M",Ativo
NUCLEO REG. EDUCACAO - AREA METROP.NORTE                    ,CAMPO MAGRO,41122950,"JARDIM BOA VISTA, C E-EF M",Ativo
NUCLEO REG. EDUCACAO - AREA METROP.NORTE                    ,ALMIRANTE TAMANDARE,41122976,"JARDIM PARAISO, C E-EF M",Ativo
NUCLEO REG. EDUCACAO - AREA METROP.NORTE                    ,PIRAQUARA,41136160,"JOAO BATISTA VERA, C E-EF M",Ativo
NUCLEO REG. EDUCACAO - AREA METROP.NORTE                    ,COLOMBO,41126106,"JOAO BOSCO, C E C-M D-EF M",Ativo
NUCLEO REG. EDUCACAO - AREA METROP.NORTE                    ,COLOMBO,41126114,"JOAO GUENO, C E-EF M PROFIS",Ativo
NUCLEO REG. EDUCACAO - AREA METROP.NORTE                    ,CAMPINA GRANDE DO SUL,41366050,"JOAO MARIA DE BARROS, C E PREF-EF M N PR",Ativo
NUCLEO REG. EDUCACAO - AREA METROP.NORTE                    ,ALMIRANTE TAMANDARE,41123042,"JOAO PAULO I, C E PAPA-EFM ETI",Ativo
NUCLEO REG. EDUCACAO - AREA METROP.NORTE                    ,COLOMBO,41126122,"JOAO R DE CAMARGO, C E C-M EF M",Ativo
NUCLEO REG. EDUCACAO - AREA METROP.NORTE                    ,RIO BRANCO DO SUL,41136799,"JOSE ELIAS, C E C-EF M",Ativo
NUCLEO REG. EDUCACAO - AREA METROP.NORTE                    ,RIO BRANCO DO SUL,41354710,"JOSE ERMIRIO DE MORAES, C E-EF M",Ativo
NUCLEO REG. EDUCACAO - AREA METROP.NORTE                    ,ITAPERUCU,41134915,"JOSE PIOLI, C E-EF M PROFIS",Ativo
NUCLEO REG. EDUCACAO - AREA METROP.NORTE                    ,COLOMBO,41126173,"JULIA CAVASSIN, C E-EF M",Ativo
NUCLEO REG. EDUCACAO - AREA METROP.NORTE                    ,ALMIRANTE TAMANDARE,41123107,"LAMENHA PEQUENA, C E-EF M",Ativo
NUCLEO REG. EDUCACAO - AREA METROP.NORTE                    ,PINHAIS,41135784,"LEOCADIA B RAMOS, C E-EF M PROFIS",Ativo
NUCLEO REG. EDUCACAO - AREA METROP.NORTE                    ,COLOMBO,41407237,"LINDAMIR ALBERTI, C E-EF M",Ativo
NUCLEO REG. EDUCACAO - AREA METROP.NORTE                    ,PINHAIS,41360575,"LUARLINDO DOS REIS BORGES, C E-EF M",Ativo
NUCLEO REG. EDUCACAO - AREA METROP.NORTE                    ,ITAPERUCU,41134931,"LUIZ MALTACA, C E C-M VER-EF M PROFIS",Ativo
NUCLEO REG. EDUCACAO - AREA METROP.NORTE                    ,COLOMBO,41143787,"LUIZ SEBASTIAO BALDO, C E-EF M",Ativo
NUCLEO REG. EDUCACAO - AREA METROP.NORTE                    ,RIO BRANCO DO SUL,41136829,"MANOEL B.DE MACEDO, C E C-M PROF-EF M P",Ativo
NUCLEO REG. EDUCACAO - AREA METROP.NORTE                    ,RIO BRANCO DO SUL,41136845,"MARIA DA LUZ FURQUIM, C E-EF M N PROFIS",Ativo
NUCLEO REG. EDUCACAO - AREA METROP.NORTE                    ,ALMIRANTE TAMANDARE,41123360,"MARIA L DE PAULA, C E C-M PROFA-EF M P",Ativo
NUCLEO REG. EDUCACAO - AREA METROP.NORTE                    ,PIRAQUARA,41136225,"MARIO B T BRAGA, C E PROF-EF M PROFIS",Ativo
NUCLEO REG. EDUCACAO - AREA METROP.NORTE                    ,PINHAIS,41135830,"MATHIAS JACOMEL, C E-EF M PROFIS",Ativo
NUCLEO REG. EDUCACAO - AREA METROP.NORTE                    ,PIRAQUARA,41386949,"MBYA ARANDU, E E IND-EI EF",Ativo
NUCLEO REG. EDUCACAO - AREA METROP.NORTE                    ,CAMPO MAGRO,41123174,"NOSSA SRA CONCEICAO, C E DO C-EF ETI EMP",Ativo
NUCLEO REG. EDUCACAO - AREA METROP.NORTE                    ,ITAPERUCU,41134796,"NOSSA SRA DAS GRACAS, C E C-EFM ETI",Ativo
NUCLEO REG. EDUCACAO - AREA METROP.NORTE                    ,PINHAIS,41373456,"OSCAR J D P E SILVA, C E C-M EF M",Ativo
NUCLEO REG. EDUCACAO - AREA METROP.NORTE                    ,PINHAIS,41135970,"OTTILIA H DA SILVA, C E PROFA-EF M PROF",Ativo
NUCLEO REG. EDUCACAO - AREA METROP.NORTE                    ,PINHAIS,41135717,"PAULO FREIRE, C E PROF-EF ETI EM",Ativo
NUCLEO REG. EDUCACAO - AREA METROP.NORTE                    ,ALMIRANTE TAMANDARE,41357868,"PEDRO PIEKAS, C E VER-EF M PROFIS",Ativo
NUCLEO REG. EDUCACAO - AREA METROP.NORTE                    ,RIO BRANCO DO SUL,41357230,"PERCY TEIXEIRA FARIA, CEC PROF-EF ETI EM",Ativo
NUCLEO REG. EDUCACAO - AREA METROP.NORTE                    ,PIRAQUARA,41150902,"PLANTA DEODORO, C E C-M EF M",Ativo
NUCLEO REG. EDUCACAO - AREA METROP.NORTE                    ,COLOMBO,41126386,"PLINIO A M TOURINHO, C E PROF-EFM PROFIS",Ativo
NUCLEO REG. EDUCACAO - AREA METROP.NORTE                    ,ADRIANOPOLIS,41120299,"PORTO NOVO, C E C-EF M",Ativo
NUCLEO REG. EDUCACAO - AREA METROP.NORTE                    ,BOCAIUVA DO SUL,41532090,"QUIELSE C DA SILVA,C E CON-EF M P N",Ativo
NUCLEO REG. EDUCACAO - AREA METROP.NORTE                    ,COLOMBO,41126416,"RAULINO COSTACURTA, C E VER-EF M PROFIS",Ativo
NUCLEO REG. EDUCACAO - AREA METROP.NORTE                    ,PIRAQUARA,41136233,"ROMARIO MARTINS, C E-EF M PROFIS",Ativo
NUCLEO REG. EDUCACAO - AREA METROP.NORTE                    ,ALMIRANTE TAMANDARE,41123212,"ROSA F JOHNSON, E E C-M PROFA- EF",Ativo
NUCLEO REG. EDUCACAO - AREA METROP.NORTE                    ,PIRAQUARA,41136241,"ROSILDA DE S OLIVEIRA, C E PROFA-EF M P",Ativo
NUCLEO REG. EDUCACAO - AREA METROP.NORTE                    ,COLOMBO,41126440,"RUI BARBOSA, C E C-M-EF M PROF",Ativo
NUCLEO REG. EDUCACAO - AREA METROP.NORTE                    ,DOUTOR ULYSSES,41121384,"SALTO GRANDE DO TURVO, C E C-EF M",Ativo
NUCLEO REG. EDUCACAO - AREA METROP.NORTE                    ,ADRIANOPOLIS,41120353,"SANTA BARBARA, C E-EF M N",Ativo
NUCLEO REG. EDUCACAO - AREA METROP.NORTE                    ,TUNAS DO PARANA,41138627,"SAO FRANCISCO DE ASSIS, C E-EF ETI EM",Ativo
NUCLEO REG. EDUCACAO - AREA METROP.NORTE                    ,ADRIANOPOLIS,41120388,"SELBMANN, C E C  ENS FUND E MED",Ativo
NUCLEO REG. EDUCACAO - AREA METROP.NORTE                    ,PINHAIS,41135911,"SEMIRAMIS DE B BRAGA, C E C-M-EF M PROFI",Ativo
NUCLEO REG. EDUCACAO - AREA METROP.NORTE                    ,TUNAS DO PARANA,41138635,"SEVERO FERREIRA RUPPEL, C E-EF M PROFIS",Ativo
NUCLEO REG. EDUCACAO - AREA METROP.NORTE                    ,RIO BRANCO DO SUL,41354737,"SHIRLENE DE SOUZA ROCHA, C E-EF M",Ativo
NUCLEO REG. EDUCACAO - AREA METROP.NORTE                    ,PINHAIS,41135938,"SPRENGER, C E TEN-EF M N PROFIS",Ativo
NUCLEO REG. EDUCACAO - AREA METROP.NORTE                    ,COLOMBO,41126513,"TANCREDO DE A NEVES, C E-EF M",Ativo
NUCLEO REG. EDUCACAO - AREA METROP.NORTE                    ,DOUTOR ULYSSES,41121422,"TANCREDO DE A NEVES, C E-EF M",Ativo
NUCLEO REG. EDUCACAO - AREA METROP.NORTE                    ,ALMIRANTE TAMANDARE,41123301,"TANCREDO NEVES, C E-EF M",Ativo
NUCLEO REG. EDUCACAO - AREA METROP.NORTE                    ,ALMIRANTE TAMANDARE,41380878,"TEREZINHA E KEPP, E E PROFA-EF",Ativo
NUCLEO REG. EDUCACAO - AREA METROP.NORTE                    ,CAMPINA GRANDE DO SUL,41124839,"TERRA BOA, C E C-EF ETI EM",Ativo
NUCLEO REG. EDUCACAO - AREA METROP.NORTE                    ,ALMIRANTE TAMANDARE,41156919,"THEODORO DE BONA, C E-EF M PROFIS N",Ativo
NUCLEO REG. EDUCACAO - AREA METROP.NORTE                    ,CAMPINA GRANDE DO SUL,41124847,"TIMBU VELHO, C E-EF M PROFIS",Ativo
NUCLEO REG. EDUCACAO - AREA METROP.NORTE                    ,ALMIRANTE TAMANDARE,41123352,"VILA AJAMBI, C E DE-EF M",Ativo
NUCLEO REG. EDUCACAO - AREA METROP.NORTE                    ,PIRAQUARA,41136276,"VILA MACEDO, C E C-M-EF M",Ativo
NUCLEO REG. EDUCACAO - AREA METROP.NORTE                    ,COLOMBO,41375602,"VINICIUS DE MORAES, C E C-M-EF M",Ativo
NUCLEO REG. EDUCACAO - AREA METROP.NORTE                    ,PINHAIS,41360567,"WALDE ROSI GALVAO, C E-EF M",Ativo
NUCLEO REG. EDUCACAO - AREA METROP.NORTE                    ,RIO BRANCO DO SUL,41145836,"ZACARIAS C.DE CRISTO, C E-EF M",Ativo
NUCLEO REG. EDUCACAO - AREA METROP.NORTE                    ,COLOMBO,41372859,"ZUMBI DOS PALMARES, C E-EF M PROFIS",Ativo
NUCLEO REG. EDUCACAO - ASSIS CHATEAUBRIAND,ASSIS CHATEAUBRIAND,41063597,"ANCHIETA, C E PE-EF ETI EM PROFIS",Ativo
NUCLEO REG. EDUCACAO - ASSIS CHATEAUBRIAND,FORMOSA DO OESTE,41064372,"ANTONIO F F DA COSTA, C E-EF M ETI",Ativo
NUCLEO REG. EDUCACAO - ASSIS CHATEAUBRIAND,ASSIS CHATEAUBRIAND,41063600,"BRAGANTINA, C E-EF ETI EM",Ativo
NUCLEO REG. EDUCACAO - ASSIS CHATEAUBRIAND,ASSIS CHATEAUBRIAND,41063619,"CARLOS DRUMMOND DE ANDRADE, E E -EF ETI",Ativo
NUCLEO REG. EDUCACAO - ASSIS CHATEAUBRIAND,ASSIS CHATEAUBRIAND,41353080,CEEBJA DE ASSIS CHATEAUBRIAND-EF M,Ativo
NUCLEO REG. EDUCACAO - ASSIS CHATEAUBRIAND,ASSIS CHATEAUBRIAND,41063635,"CHATEAUBRIANDENSE, C E-EM N PROFIS",Ativo
NUCLEO REG. EDUCACAO - ASSIS CHATEAUBRIAND,TUPASSI,41069544,"DISTRITO DE BRASILIANA, E E C DO -EF",Ativo
NUCLEO REG. EDUCACAO - ASSIS CHATEAUBRIAND,ASSIS CHATEAUBRIAND,41063678,"GETULIO VARGAS, C E C-EF M",Ativo
NUCLEO REG. EDUCACAO - ASSIS CHATEAUBRIAND,IRACEMA DO OESTE,41064968,"GETULIO VARGAS, C E-EF M ETI",Ativo
NUCLEO REG. EDUCACAO - ASSIS CHATEAUBRIAND,ASSIS CHATEAUBRIAND,41063686,"GUIMARAES ROSA, C E C-M-EF M",Ativo
NUCLEO REG. EDUCACAO - ASSIS CHATEAUBRIAND,TUPASSI,41069552,"HEITOR C DE A FURTADO, C E C -EF ETI EM",Ativo
NUCLEO REG. EDUCACAO - ASSIS CHATEAUBRIAND,JESUITAS,41065000,"HUMBERTO DE A C BRANCO, CE-EFM ETI PROFI",Ativo
NUCLEO REG. EDUCACAO - ASSIS CHATEAUBRIAND,FORMOSA DO OESTE,41064380,"IRENE G RICKLER, E E C -EF",Ativo
NUCLEO REG. EDUCACAO - ASSIS CHATEAUBRIAND,ASSIS CHATEAUBRIAND,41063708,"ISABEL, C E C PRINC-EF ETI EM",Ativo
NUCLEO REG. EDUCACAO - ASSIS CHATEAUBRIAND,ASSIS CHATEAUBRIAND,41063724,"JOAO PAULO II, E E C PAPA-EF M",Ativo
NUCLEO REG. EDUCACAO - ASSIS CHATEAUBRIAND,NOVA AURORA,41074629,"JORGE NACLI, E E-EF",Ativo
NUCLEO REG. EDUCACAO - ASSIS CHATEAUBRIAND,NOVA AURORA,41074653,"MACHADO DE ASSIS, C E-EF M PROFIS",Ativo
NUCLEO REG. EDUCACAO - ASSIS CHATEAUBRIAND,NOVA AURORA,41074734,"PEDRO V P DE SOUZA, C E C-EF M",Ativo
NUCLEO REG. EDUCACAO - ASSIS CHATEAUBRIAND,JESUITAS,41065107,"RIO BRANCO, C E C BAR DO-EF M",Ativo
NUCLEO REG. EDUCACAO - ASSIS CHATEAUBRIAND,BRASILANDIA DO SUL,41004779,"RUI BARBOSA, C E-EF ETI EM",Ativo
NUCLEO REG. EDUCACAO - ASSIS CHATEAUBRIAND,FORMOSA DO OESTE,41064470,"RUI BARBOSA, C E-EF M PROF",Ativo
NUCLEO REG. EDUCACAO - ASSIS CHATEAUBRIAND,ASSIS CHATEAUBRIAND,41063945,"SAO FRANCISCO DE ASSIS, E E-EF ETI",Ativo
NUCLEO REG. EDUCACAO - ASSIS CHATEAUBRIAND,ASSIS CHATEAUBRIAND,41064011,"TANCREDO NEVES, C E C DR-EF M",Ativo
NUCLEO REG. EDUCACAO - ASSIS CHATEAUBRIAND,ASSIS CHATEAUBRIAND,41064020,"TEOTONIO VILELA, C E C-M SEN-EF M",Ativo
NUCLEO REG. EDUCACAO - ASSIS CHATEAUBRIAND,TUPASSI,41069609,"VINICIUS DE MORAES, C E-EF M ETI",Ativo
NUCLEO REG. EDUCACAO - ASSIS CHATEAUBRIAND,ASSIS CHATEAUBRIAND,41064054,"VINICIUS DE MORAIS, C E C-EF M",Ativo
NUCLEO REG. EDUCACAO - ASSIS CHATEAUBRIAND,NOVA AURORA,41074858,"WENCESLAU BRAS, C E C -EFM",Ativo
NUCLEO REG. EDUCACAO - CAMPO MOURAO                         ,PEABIRU,41017943,"14 DE DEZEMBRO, C E-EF ETI EM",Ativo
NUCLEO REG. EDUCACAO - CAMPO MOURAO                         ,ARARUNA,41014820,"29 DE NOVEMBRO, C E-EF ETI EM",Ativo
NUCLEO REG. EDUCACAO - CAMPO MOURAO                         ,LUIZIANA,41017170,"ADAUCTO S ROCHA, C E-EF M PROFIS",Ativo
NUCLEO REG. EDUCACAO - CAMPO MOURAO                         ,CAMPINA DA LAGOA,41011562,"ALBERTO SANTOS DUMONT, C E-EF M",Ativo
NUCLEO REG. EDUCACAO - CAMPO MOURAO                         ,ALTAMIRA DO PARANA,41011139,"ALTAMIRA DO PARANA, C E-EF M",Ativo
NUCLEO REG. EDUCACAO - CAMPO MOURAO                         ,RONCADOR,41018184,"ALTO SAO JOAO, C E C DE-EF M ETI",Ativo
NUCLEO REG. EDUCACAO - CAMPO MOURAO                         ,IRETAMA,41372301,"ANIBAL KHURY, C E-EF M PROFIS",Ativo
NUCLEO REG. EDUCACAO - CAMPO MOURAO                         ,CAMPO MOURAO,41015428,"ANTONIO T OLIVEIRA,C E PREF-EF M PROFIS",Ativo
NUCLEO REG. EDUCACAO - CAMPO MOURAO                         ,ENGENHEIRO BELTRAO,41016254,"ANTONIO VIEIRA, CEC-M PE - EFMN ETI P",Ativo
NUCLEO REG. EDUCACAO - CAMPO MOURAO                         ,ENGENHEIRO BELTRAO,41016262,"ARTHUR RAMOS, E E-EF",Ativo
NUCLEO REG. EDUCACAO - CAMPO MOURAO                         ,CAMPINA DA LAGOA,41011597,"BELA VISTA PIQUIRI, E E DO C-EF",Ativo
NUCLEO REG. EDUCACAO - CAMPO MOURAO                         ,CAMPINA DA LAGOA,41011600,"BENTO M DA R NETO, E E DO C-EF",Ativo
NUCLEO REG. EDUCACAO - CAMPO MOURAO                         ,CAMPO MOURAO,41015452,"BOSCO, C E D-EF ETI EM PROFIS",Ativo
NUCLEO REG. EDUCACAO - CAMPO MOURAO                         ,BARBOSA FERRAZ,41014901,"BOURBONIA, C E DO C DE-EF M",Ativo
NUCLEO REG. EDUCACAO - CAMPO MOURAO                         ,CAMPINA DA LAGOA,41011619,"CAMPINA DA LAGOA, C E-EF M ETI",Ativo
NUCLEO REG. EDUCACAO - CAMPO MOURAO                         ,CAMPO MOURAO,41015703,"CAMPO MOURAO, C E DE-EF M PROFIS N",Ativo
NUCLEO REG. EDUCACAO - CAMPO MOURAO                         ,RONCADOR,41018206,"CARNEIRO, C E GAL-EF M PROFIS",Ativo
NUCLEO REG. EDUCACAO - CAMPO MOURAO                         ,CAMPO MOURAO,41143949,CEEBJA DE CAMPO MOURAO-EFM,Ativo
NUCLEO REG. EDUCACAO - CAMPO MOURAO                         ,CAMPO MOURAO,41015479,CENTRO EST EDUC PROFIS AGRIC DE C MOURAO,Ativo
NUCLEO REG. EDUCACAO - CAMPO MOURAO                         ,CORUMBATAI DO SUL,41016084,"CORUMBATAI DO SUL, C E-EF M",Ativo
NUCLEO REG. EDUCACAO - CAMPO MOURAO                         ,FAROL,41016572,"CULTURA UNIVERSAL, C E-EF M",Ativo
NUCLEO REG. EDUCACAO - CAMPO MOURAO                         ,CAMPO MOURAO,41015576,"DARCY JOSE COSTA, C E C-M PROF-EF M P",Ativo
NUCLEO REG. EDUCACAO - CAMPO MOURAO                         ,CAMPINA DA LAGOA,41143558,"EMANUEL, CEEBJA-EF M",Ativo
NUCLEO REG. EDUCACAO - CAMPO MOURAO                         ,ENGENHEIRO BELTRAO,41016360,"GABRIEL SEG SCIPIONE, C E DO C-EF M",Ativo
NUCLEO REG. EDUCACAO - CAMPO MOURAO                         ,ENGENHEIRO BELTRAO,41016386,"GETULIO VARGAS, E E DO C-EF",Ativo
NUCLEO REG. EDUCACAO - CAMPO MOURAO                         ,ARARUNA,41014707,"ISABEL, C E PRINC-EF M PROFIS",Ativo
NUCLEO REG. EDUCACAO - CAMPO MOURAO                         ,CAMPO MOURAO,41015681,"IVONE S CASTANHARO, C E PROF-EFMNP",Ativo
NUCLEO REG. EDUCACAO - CAMPO MOURAO                         ,CAMPO MOURAO,41015690,"JAELSON BIACIO, C E C PROF-EF M",Ativo
NUCLEO REG. EDUCACAO - CAMPO MOURAO                         ,ARARUNA,41014723,"JOANA DARC, C E C-EF M",Ativo
NUCLEO REG. EDUCACAO - CAMPO MOURAO                         ,NOVA CANTU,41013867,"JOAO F COSTA, C E PROF-EF M PROFIS",Ativo
NUCLEO REG. EDUCACAO - CAMPO MOURAO                         ,MAMBORE,41017625,"JOAO XXIII, C E-EF ETI EM PROFIS",Ativo
NUCLEO REG. EDUCACAO - CAMPO MOURAO                         ,IRETAMA,41016980,"JOSE SARMENTO FILHO, C E-EF M N",Ativo
NUCLEO REG. EDUCACAO - CAMPO MOURAO                         ,BARBOSA FERRAZ,41015193,"LUZIA GARCIA VILLAR, C E-EF ETI EM",Ativo
NUCLEO REG. EDUCACAO - CAMPO MOURAO                         ,BARBOSA FERRAZ,41014880,"MACHADO DE A BARBOSA FERRAZ,C E-EMN ETI",Ativo
NUCLEO REG. EDUCACAO - CAMPO MOURAO                         ,ENGENHEIRO BELTRAO,41016467,"MANOEL RIBAS, E E DO C-EF",Ativo
NUCLEO REG. EDUCACAO - CAMPO MOURAO                         ,IRETAMA,41017048,"MARILU, E E C DE-EF",Ativo
NUCLEO REG. EDUCACAO - CAMPO MOURAO                         ,IRETAMA,41017056,"NAPOLEAO B SOBRINHO, C E-EF M ETI PROFIS",Ativo
NUCLEO REG. EDUCACAO - CAMPO MOURAO                         ,CAMPO MOURAO,41368355,"NOVO HORIZONTE, C E-EF M ETI PROFIS",Ativo
NUCLEO REG. EDUCACAO - CAMPO MOURAO                         ,PEABIRU,41017935,"OLAVO BILAC, C E C-M-EF M PROFIS",Ativo
NUCLEO REG. EDUCACAO - CAMPO MOURAO                         ,CAMPO MOURAO,41015827,"OSVALDO CRUZ, C E C-M DR-EF M",Ativo
NUCLEO REG. EDUCACAO - CAMPO MOURAO                         ,BARBOSA FERRAZ,41015266,"OURILANDIA, C E C DE - EF M",Ativo
NUCLEO REG. EDUCACAO - CAMPO MOURAO                         ,BARBOSA FERRAZ,41015274,"PARAISO DO SUL, E E C DE-EF",Ativo
NUCLEO REG. EDUCACAO - CAMPO MOURAO                         ,CAMPO MOURAO,41015908,"RONDON, C E C-M MAL-EF M PROFIS",Ativo
NUCLEO REG. EDUCACAO - CAMPO MOURAO                         ,NOVA CANTU,41013999,"RUI BARBOSA, C E C-EF M",Ativo
NUCLEO REG. EDUCACAO - CAMPO MOURAO                         ,MAMBORE,41017730,"RUI BARBOSA, C E C-M-EF M PROFIS",Ativo
NUCLEO REG. EDUCACAO - CAMPO MOURAO                         ,CAMPINA DA LAGOA,41011864,"SALLES DE OLIVEIRA, C E DO C-EF M",Ativo
NUCLEO REG. EDUCACAO - CAMPO MOURAO                         ,FENIX,41016777,"SANTO INACIO DE LOYOLA, C E-EF M ETI",Ativo
NUCLEO REG. EDUCACAO - CAMPO MOURAO                         ,NOVA CANTU,41014014,"SANTO REI, C E C-EF M",Ativo
NUCLEO REG. EDUCACAO - CAMPO MOURAO                         ,QUINTA DO SOL,41018150,"SAO JUDAS TADEU, C E-EF M N PROFIS",Ativo
NUCLEO REG. EDUCACAO - CAMPO MOURAO                         ,MAMBORE,41017765,"SAO LUIZ GONZAGA, C E C-EF M",Ativo
NUCLEO REG. EDUCACAO - CAMPO MOURAO                         ,RONCADOR,41018656,"ULYSSES GUIMARAES, C E-EF ETI EM PROFIS",Ativo
NUCLEO REG. EDUCACAO - CAMPO MOURAO                         ,CAMPO MOURAO,41015975,"UNIDADE POLO, C E C-M-EF M PROFIS",Ativo
NUCLEO REG. EDUCACAO - CAMPO MOURAO                         ,ENGENHEIRO BELTRAO,41016548,"VILA CASTELO BRANCO, E E-EF",Ativo
NUCLEO REG. EDUCACAO - CAMPO MOURAO                         ,CAMPO MOURAO,41015991,"VINICIUS DE MORAES, C E-EF M PROFIS",Ativo
NUCLEO REG. EDUCACAO - CASCAVEL                             ,CASCAVEL,41158067,"ACQUILINO MASSOCHIN, C E-EF M ETI",Ativo
NUCLEO REG. EDUCACAO - CASCAVEL                             ,CAFELANDIA,41070224,"ALBERTO S DUMONT, C E C-M-EFMNP",Ativo
NUCLEO REG. EDUCACAO - CASCAVEL                             ,CAPITAO LEONIDAS MARQUES,41070526,"ALTO A DO IGUACU, C E C -EF ETI EM",Ativo
NUCLEO REG. EDUCACAO - CASCAVEL                             ,TRES BARRAS DO PARANA,41075170,"ALTO ALEGRE, E E C DE-EF",Ativo
NUCLEO REG. EDUCACAO - CASCAVEL                             ,CORBELIA,41072626,"AMANCIO MORO, C E C-M-EF M N PROFIS",Ativo
NUCLEO REG. EDUCACAO - CASCAVEL                             ,CASCAVEL,41167090,"ANDREIA N SANTOS, CEC-M PROF-EF ETI EM",Ativo
NUCLEO REG. EDUCACAO - CASCAVEL                             ,CAPITAO LEONIDAS MARQUES,41070534,"ANTONIO CASTRO ALVES, CE- EF ETI EM PROF",Ativo
NUCLEO REG. EDUCACAO - CASCAVEL                             ,GUARANIACU,41073100,"ANTONIO F F COSTA, C E DES-EF M N P",Ativo
NUCLEO REG. EDUCACAO - CASCAVEL                             ,CASCAVEL,41154924,"APRENDENDO C/A TERRA E A VIDA, C E C-EFM",Ativo
NUCLEO REG. EDUCACAO - CASCAVEL                             ,SANTA TEREZA DO OESTE,41382528,"ARTUR AGOSTINI, C E C-EF M",Ativo
NUCLEO REG. EDUCACAO - CASCAVEL                             ,TRES BARRAS DO PARANA,41075218,"BARRA BONITA, E E C DE-EF",Ativo
NUCLEO REG. EDUCACAO - CASCAVEL                             ,GUARANIACU,41073142,"BELA VISTA, E E C-EF",Ativo
NUCLEO REG. EDUCACAO - CASCAVEL                             ,CAFELANDIA,41070240,"BENJAMIM ANTONIO MOTTER, C E C-EF M",Ativo
NUCLEO REG. EDUCACAO - CASCAVEL                             ,CEU AZUL,41075730,"BOA VISTA, E E DE-EF",Ativo
NUCLEO REG. EDUCACAO - CASCAVEL                             ,CASCAVEL,41071298,"BRASMADEIRA, C E C-M-EF M PROFIS",Ativo
NUCLEO REG. EDUCACAO - CASCAVEL                             ,CAPITAO LEONIDAS MARQUES,41070585,"CARLOS A CAMARGO, C E C-M-EF M PROFIS",Ativo
NUCLEO REG. EDUCACAO - CASCAVEL                             ,IGUATU,41074130,"CARLOS GOMES, C E C -EF ETI EM",Ativo
NUCLEO REG. EDUCACAO - CASCAVEL                             ,CASCAVEL,41071026,"CARMELO PERRONE, C E PE-EF M PROFIS",Ativo
NUCLEO REG. EDUCACAO - CASCAVEL                             ,CASCAVEL,41071123,"CATARATAS, C E C-M-EF M",Ativo
NUCLEO REG. EDUCACAO - CASCAVEL                             ,CORBELIA,41072693,"CAXIAS, C E DQ DE-EF M",Ativo
NUCLEO REG. EDUCACAO - CASCAVEL                             ,CAPITAO LEONIDAS MARQUES,41353919,CEEBJA PROF ALCI A C STEUERNAGEL-EF M,Ativo
NUCLEO REG. EDUCACAO - CASCAVEL                             ,CASCAVEL,41143833,CEEBJA PROFA JOAQUINA M BRANCO-EF M,Ativo
NUCLEO REG. EDUCACAO - CASCAVEL                             ,CASCAVEL,41151160,CEEBJA WILSON ANTONIO NEDUZIAK-EF M,Ativo
NUCLEO REG. EDUCACAO - CASCAVEL                             ,CASCAVEL,41163869,CEEP DE AGROINOV PROF MOACIR B L SILVA,Ativo
NUCLEO REG. EDUCACAO - CASCAVEL                             ,CASCAVEL,41071972,CENTRO EST EDUC PROFIS PEDRO B NETO,Ativo
NUCLEO REG. EDUCACAO - CASCAVEL                             ,LINDOESTE,41074246,"CIELITO LINDO, C E-EF ETI EM",Ativo
NUCLEO REG. EDUCACAO - CASCAVEL                             ,CASCAVEL,41071158,"COSTA E SILVA, C E PRES-EF M PROFIS",Ativo
NUCLEO REG. EDUCACAO - CASCAVEL                             ,CATANDUVAS,41357892,"DILMA K ANGELICO, C E PROFA-EF ETI EM",Ativo
NUCLEO REG. EDUCACAO - CASCAVEL                             ,CASCAVEL,41071255,"ELEODORO E PEREIRA, C E-EF M PROFIS",Ativo
NUCLEO REG. EDUCACAO - CASCAVEL                             ,BOA VISTA DA APARECIDA,41069749,"FLOR DA SERRA, E E C - EF",Ativo
NUCLEO REG. EDUCACAO - CASCAVEL                             ,CASCAVEL,41071522,"FRANCISCO L DA SILVA, C E PROF-EF M PROF",Ativo
NUCLEO REG. EDUCACAO - CASCAVEL                             ,CAPITAO LEONIDAS MARQUES,41070666,"GABRIELANGELO, E E C FREI-EF",Ativo
NUCLEO REG. EDUCACAO - CASCAVEL                             ,CASCAVEL,41071395,"HORACIO R DOS REIS, C E-EF M",Ativo
NUCLEO REG. EDUCACAO - CASCAVEL                             ,CASCAVEL,41071409,"HUMBERTO A C BRANCO, C E C-M MAL-EF M P",Ativo
NUCLEO REG. EDUCACAO - CASCAVEL                             ,CASCAVEL,41356837,"IEDA BAGGIO MAYER, C E-EF M",Ativo
NUCLEO REG. EDUCACAO - CASCAVEL                             ,CASCAVEL,41355032,"ITAGIBA FORTUNATO, C E-EF M ETI",Ativo
NUCLEO REG. EDUCACAO - CASCAVEL                             ,TRES BARRAS DO PARANA,41075412,"IZABEL, C E PRINC-EF M N PROFIS",Ativo
NUCLEO REG. EDUCACAO - CASCAVEL                             ,CASCAVEL,41071484,"JANGADA DA TABORDA, E E DO C-EF",Ativo
NUCLEO REG. EDUCACAO - CASCAVEL                             ,CASCAVEL,41071506,"JARDIM CLARITO, C E-EF M",Ativo
NUCLEO REG. EDUCACAO - CASCAVEL                             ,CASCAVEL,41071514,"JARDIM CONSOLATA, C E-EF M PROFIS",Ativo
NUCLEO REG. EDUCACAO - CASCAVEL                             ,CASCAVEL,41071549,"JARDIM INTERLAGOS, C E-EF M",Ativo
NUCLEO REG. EDUCACAO - CASCAVEL                             ,CASCAVEL,41071565,"JARDIM SANTA CRUZ, C E-EF M",Ativo
NUCLEO REG. EDUCACAO - CASCAVEL                             ,CASCAVEL,41071573,"JARDIM STA FELICIDADE, C E DE-EF M P",Ativo
NUCLEO REG. EDUCACAO - CASCAVEL                             ,CATANDUVAS,41072391,"JOAO F NEVES, C E C-M DR-EF M",Ativo
NUCLEO REG. EDUCACAO - CASCAVEL                             ,CASCAVEL,41071590,"JOSE A B ORSO, C E C-M-EF M PROF",Ativo
NUCLEO REG. EDUCACAO - CASCAVEL                             ,ANAHY,41069633,"JOSE BONIFACIO, C E-EF M",Ativo
NUCLEO REG. EDUCACAO - CASCAVEL                             ,CAMPO BONITO,41070437,"JOSE BONIFACIO, C E-EF M",Ativo
NUCLEO REG. EDUCACAO - CASCAVEL                             ,BRAGANEY,41070062,"JOSE DE ALENCAR, C E C -EF ETI EM",Ativo
NUCLEO REG. EDUCACAO - CASCAVEL                             ,IBEMA,41074106,"JOSE DE ANCHIETA, C E-EF M PROFIS",Ativo
NUCLEO REG. EDUCACAO - CASCAVEL                             ,CASCAVEL,41071654,"JULIA WANDERLEY, C E C-M PROF-EF M",Ativo
NUCLEO REG. EDUCACAO - CASCAVEL                             ,CASCAVEL,41071670,"JUVINOPOLIS, C E C DE-EF M",Ativo
NUCLEO REG. EDUCACAO - CASCAVEL                             ,LINDOESTE,41074360,"LINDOESTE, C E C-M-EF M PROFIS",Ativo
NUCLEO REG. EDUCACAO - CASCAVEL                             ,BOA VISTA DA APARECIDA,41069781,"LINHA PROGRESSO, E E C-EF",Ativo
NUCLEO REG. EDUCACAO - CASCAVEL                             ,SANTA LUCIA,41074920,"LINHA SANTA CATARINA, E E C DE-EF",Ativo
NUCLEO REG. EDUCACAO - CASCAVEL                             ,BRAGANEY,41070097,"LONGUINOPOLIS, C E C-EF M",Ativo
NUCLEO REG. EDUCACAO - CASCAVEL                             ,CASCAVEL,41071760,"MARCOS C SCHUSTER, C E-EF M PROFIS",Ativo
NUCLEO REG. EDUCACAO - CASCAVEL                             ,CAFELANDIA,41358031,"MARIA DESTEFANI GRIGGIO, C E-EF M",Ativo
NUCLEO REG. EDUCACAO - CASCAVEL                             ,CATANDUVAS,41072472,"MARIA L V ANDRADE, E E C PROFA-EF",Ativo
NUCLEO REG. EDUCACAO - CASCAVEL                             ,CASCAVEL,41071832,"MARILIS F PIROTELLI, C E-EF M",Ativo
NUCLEO REG. EDUCACAO - CASCAVEL                             ,CASCAVEL,41361733,"MARIO QUINTANA, C E-EF M PROFIS",Ativo
NUCLEO REG. EDUCACAO - CASCAVEL                             ,CEU AZUL,41075773,"MONTEIRO LOBATO, C E-E F M P",Ativo
NUCLEO REG. EDUCACAO - CASCAVEL                             ,CAMPO BONITO,41070453,"NOSSA SRA DA SALETE, E E C-EF",Ativo
NUCLEO REG. EDUCACAO - CASCAVEL                             ,CEU AZUL,41075781,"NOVA UNIAO, C E C-EF M",Ativo
NUCLEO REG. EDUCACAO - CASCAVEL                             ,CASCAVEL,41071930,"OCTAVIO TOZO, C E DO C-EF M",Ativo
NUCLEO REG. EDUCACAO - CASCAVEL                             ,CORBELIA,41072782,"OLAVO BILAC, C E C -EFM",Ativo
NUCLEO REG. EDUCACAO - CASCAVEL                             ,CASCAVEL,41071948,"OLINDA T DE CARVALHO, C E-EF M",Ativo
NUCLEO REG. EDUCACAO - CASCAVEL                             ,CASCAVEL,41071956,"OLIVO FRACARO, C E C-M-E F M",Ativo
NUCLEO REG. EDUCACAO - CASCAVEL                             ,SANTA LUCIA,41074955,"ORLANDO L ZAMPRONIO, C E-EF M",Ativo
NUCLEO REG. EDUCACAO - CASCAVEL                             ,GUARANIACU,41073614,"OTAVIO FOLDA, C E C-EF M",Ativo
NUCLEO REG. EDUCACAO - CASCAVEL                             ,CASCAVEL,41355008,"PACAEMBU, C E-EF M",Ativo
NUCLEO REG. EDUCACAO - CASCAVEL                             ,VERA CRUZ DO OESTE,41079469,"PARANAGUA, C E MQ DE-EF ETI EM PROFIS",Ativo
NUCLEO REG. EDUCACAO - CASCAVEL                             ,BOA VISTA DA APARECIDA,41069854,"PAULO VI, C E-EF M PROFIS",Ativo
NUCLEO REG. EDUCACAO - CASCAVEL                             ,CASCAVEL,41071557,"PEDRO CANISIO HENZ, C E PE-EF M PROFIS",Ativo
NUCLEO REG. EDUCACAO - CASCAVEL                             ,CASCAVEL,41071980,"PEDRO ERNESTO GARLET, C E C-EF M",Ativo
NUCLEO REG. EDUCACAO - CASCAVEL                             ,GUARANIACU,41073649,"PEDRO II, E E C D-EF",Ativo
NUCLEO REG. EDUCACAO - CASCAVEL                             ,TRES BARRAS DO PARANA,41075579,"PEDRO LUIZ MESSIAS, C E C-EF M",Ativo
NUCLEO REG. EDUCACAO - CASCAVEL                             ,CASCAVEL,41368193,"REASSENTAMENTO SAO FCO, C E C DO-EF M",Ativo
NUCLEO REG. EDUCACAO - CASCAVEL                             ,CATANDUVAS,41363396,"REASSENTAMENTO SAO MARCOS, C E C-EF M",Ativo
NUCLEO REG. EDUCACAO - CASCAVEL                             ,CASCAVEL,41072065,"RIO DO SALTO, C E C DE-EF M",Ativo
NUCLEO REG. EDUCACAO - CASCAVEL                             ,LINDOESTE,41357108,"SANTA LUZIA, C E C-EF M",Ativo
NUCLEO REG. EDUCACAO - CASCAVEL                             ,SANTA TEREZA DO OESTE,41408020,"SANTA MARIA, C E C-EF M",Ativo
NUCLEO REG. EDUCACAO - CASCAVEL                             ,SANTA TEREZA DO OESTE,41075129,"SANTA TEREZA DO OESTE, C E C-M-EF M P",Ativo
NUCLEO REG. EDUCACAO - CASCAVEL                             ,CASCAVEL,41072120,"SANTOS DUMONT, C E C-M-EF M",Ativo
NUCLEO REG. EDUCACAO - CASCAVEL                             ,CASCAVEL,41072138,"SAO CRISTOVAO, C E-EF M PROFIS",Ativo
NUCLEO REG. EDUCACAO - CASCAVEL                             ,CORBELIA,41072839,"SAO FCO DE ASSIS, C E C-EF M",Ativo
NUCLEO REG. EDUCACAO - CASCAVEL                             ,CASCAVEL,41072146,"SAO JOAO, C E C-E F M",Ativo
NUCLEO REG. EDUCACAO - CASCAVEL                             ,CASCAVEL,41072154,"SAO SALVADOR, E E C - EF",Ativo
NUCLEO REG. EDUCACAO - CASCAVEL                             ,BOA VISTA DA APARECIDA,41069935,"SAO SEBASTIAO, E E C-EF",Ativo
NUCLEO REG. EDUCACAO - CASCAVEL                             ,CATANDUVAS,41072596,"THOMAZ P DOS SANTOS, E E C-EF",Ativo
NUCLEO REG. EDUCACAO - CASCAVEL                             ,CASCAVEL,41368185,"VICTORIO E ABROZINO, C E PROF-EF M PROF",Ativo
NUCLEO REG. EDUCACAO - CASCAVEL                             ,VERA CRUZ DO OESTE,41079515,"VITAL BRASIL, C E-EF M N",Ativo
NUCLEO REG. EDUCACAO - CASCAVEL                             ,CASCAVEL,41072308,"WILSON JOFFRE, C E-EF M N PROFIS",Ativo
NUCLEO REG. EDUCACAO - CASCAVEL                             ,CASCAVEL,41071018,"XIV DE NOVEMBRO, C E C-M-EF M",Ativo
NUCLEO REG. EDUCACAO - CIANORTE                             ,TAPEJARA,41010710,"11 DE ABRIL, C E-EF M",Ativo
NUCLEO REG. EDUCACAO - CIANORTE                             ,GUAPOREMA,41009690,"ARNALDO BUSATO, C E-EF M ETI",Ativo
NUCLEO REG. EDUCACAO - CIANORTE                             ,RONDON,41010310,"BARROSO, C E ALM - EF M",Ativo
NUCLEO REG. EDUCACAO - CIANORTE                             ,CIANORTE,41009126,"BOSCO, C E C-M D-EF M",Ativo
NUCLEO REG. EDUCACAO - CIANORTE                             ,CIANORTE,41357930,"CAIO MARIO MOREIRA, C E PROF-EF M",Ativo
NUCLEO REG. EDUCACAO - CIANORTE                             ,RONDON,41010345,"CASTRO ALVES, C E C-M-EM PROFIS",Ativo
NUCLEO REG. EDUCACAO - CIANORTE                             ,SAO MANOEL DO PARANA,41010485,"CAXIAS, C E DQ DE-EF ETI EM",Ativo
NUCLEO REG. EDUCACAO - CIANORTE                             ,TUNEIRAS DO OESTE,41010850,"CAXIAS, C E DQ DE-EF M P",Ativo
NUCLEO REG. EDUCACAO - CIANORTE                             ,CIANORTE,41353978,CEEBJA SAADA MITRE ABOU NABHAN-EF M,Ativo
NUCLEO REG. EDUCACAO - CIANORTE                             ,CIANORTE,41154983,CENTRO EST EDUC PROFIS CIANORTE,Ativo
NUCLEO REG. EDUCACAO - CIANORTE                             ,CIDADE GAUCHA,41167244,CENTRO ESTADUAL ED PROF CIDADE GAUCHA,Ativo
NUCLEO REG. EDUCACAO - CIANORTE                             ,CIANORTE,41009142,"CIANORTE, C E-EF M PROFIS",Ativo
NUCLEO REG. EDUCACAO - CIANORTE                             ,CIDADE GAUCHA,41009533,"COSTA E SILVA, C E MAL-EF M PROF NORMAL",Ativo
NUCLEO REG. EDUCACAO - CIANORTE                             ,TUNEIRAS DO OESTE,41010868,"CUARAITAVA, E E C DE-EF",Ativo
NUCLEO REG. EDUCACAO - CIANORTE                             ,JAPURA,41009991,"EMILIO DE MENEZES, E E-EF ETI",Ativo
NUCLEO REG. EDUCACAO - CIANORTE                             ,INDIANOPOLIS,41009860,"FELISBERTO N GONCALVES, C E-EF M",Ativo
NUCLEO REG. EDUCACAO - CIANORTE                             ,TERRA BOA,41018753,"HELENA KOLODY, C E-EM PROFIS N",Ativo
NUCLEO REG. EDUCACAO - CIANORTE                             ,CIANORTE,41009223,"IGLEA GROLLMANN, C E-EF ETI EM PROFIS",Ativo
NUCLEO REG. EDUCACAO - CIANORTE                             ,CIANORTE,41009231,"ITACELINA BITTENCOURT, C E-EF M ETI",Ativo
NUCLEO REG. EDUCACAO - CIANORTE                             ,CIANORTE,41009240,"IZABEL, E E PRINC-EF",Ativo
NUCLEO REG. EDUCACAO - CIANORTE                             ,CIANORTE,41357949,"JOSE GUIMARAES, C E-EF M PROFIS",Ativo
NUCLEO REG. EDUCACAO - CIANORTE                             ,TERRA BOA,41018800,"LEO KOHLER, E E C-M PROF-EF",Ativo
NUCLEO REG. EDUCACAO - CIANORTE                             ,TUNEIRAS DO OESTE,41010957,"MACHADO DE ASSIS, C E DO C-EF M",Ativo
NUCLEO REG. EDUCACAO - CIANORTE                             ,TERRA BOA,41018818,"MANOEL A DA CUNHA, E E DO C-EF",Ativo
NUCLEO REG. EDUCACAO - CIANORTE                             ,JUSSARA,41010183,"MORAES DE BARROS, C E SEN-EF M PROFIS",Ativo
NUCLEO REG. EDUCACAO - CIANORTE                             ,SAO TOME,41010523,"PEDRO FECCHIO, C E-EF ETI EM",Ativo
NUCLEO REG. EDUCACAO - CIANORTE                             ,CIANORTE,41009363,"PRIMO MANFRINATO, C E C-M-EF M PROFIS",Ativo
NUCLEO REG. EDUCACAO - CIANORTE                             ,JAPURA,41010132,"RUI BARBOSA, C E C-M -EFMP",Ativo
NUCLEO REG. EDUCACAO - CIANORTE                             ,TAPEJARA,41010752,"SANTANA DE TAPEJARA, C E-EM N PROFIS",Ativo
NUCLEO REG. EDUCACAO - CIANORTE                             ,SAO TOME,41010540,"SANTOS DUMONT, C E C-M -EFMN",Ativo
NUCLEO REG. EDUCACAO - CIANORTE                             ,CIANORTE,41009401,"SAO LOURENCO, C E DO C-EF M",Ativo
NUCLEO REG. EDUCACAO - CIANORTE                             ,TUNEIRAS DO OESTE,41011090,"TAMANDARE, C E C ALM-EF M",Ativo
NUCLEO REG. EDUCACAO - CIANORTE                             ,CIANORTE,41009444,"VIDIGAL, C E DE-EF M",Ativo
NUCLEO REG. EDUCACAO - CIANORTE                             ,TERRA BOA,41354990,"VINICIUS DE MORAES, C E-EF M",Ativo
NUCLEO REG. EDUCACAO - CORNELIO PROCOPIO                    ,NOVA FATIMA,41045149,"ADELAIDE GLASER ROSS, C E-EM PROFIS",Ativo
NUCLEO REG. EDUCACAO - CORNELIO PROCOPIO                    ,JATAIZINHO,41041003,"ADELIA A LOPES, C E C-M PROFA-EF M",Ativo
NUCLEO REG. EDUCACAO - CORNELIO PROCOPIO                    ,SERTANEJA,41046188,"AGMAR M SCARDAZZI, C E C PROFA-EF M",Ativo
NUCLEO REG. EDUCACAO - CORNELIO PROCOPIO                    ,CONGONHINHAS,41043642,"AIDES N DA SILVA, C E PROF-EF M N PROF",Ativo
NUCLEO REG. EDUCACAO - CORNELIO PROCOPIO                    ,CORNELIO PROCOPIO,41043901,"ALBERTO CARAZZAI, C E-EF M",Ativo
NUCLEO REG. EDUCACAO - CORNELIO PROCOPIO                    ,NOVA FATIMA,41045181,"ALOYSIO DE BARROS TOSTES, E E DR-EF ETI",Ativo
NUCLEO REG. EDUCACAO - CORNELIO PROCOPIO                    ,CORNELIO PROCOPIO,41043936,"ANDRE SEUGLING, C E C-M-EF M",Ativo
NUCLEO REG. EDUCACAO - CORNELIO PROCOPIO                    ,SERTANEJA,41046218,"ANTONIO BITONTI, E E C-M PROF-EF",Ativo
NUCLEO REG. EDUCACAO - CORNELIO PROCOPIO                    ,NOVA SANTA BARBARA,41041232,"ANTONIO C GOMES, C E-EF ETI EM PROFIS",Ativo
NUCLEO REG. EDUCACAO - CORNELIO PROCOPIO                    ,SANTA MARIANA,41045815,"ANTONIO PEREIRA LIMA, C E C DR-EF M ETI",Ativo
NUCLEO REG. EDUCACAO - CORNELIO PROCOPIO                    ,BANDEIRANTES,41042875,"BAIRRO BELA VISTA, E E DO-EF",Ativo
NUCLEO REG. EDUCACAO - CORNELIO PROCOPIO                    ,ITAMBARACA,41044720,"BAIRRO RAUL MARINHO, E E C DO-EF",Ativo
NUCLEO REG. EDUCACAO - CORNELIO PROCOPIO                    ,SANTA AMELIA,41045700,"CARLIRIO G DOS SANTOS, E E-EF ETI",Ativo
NUCLEO REG. EDUCACAO - CORNELIO PROCOPIO                    ,SANTA MARIANA,41045831,"CARLOS AUGUSTO M NICHOLS, E E C-EF",Ativo
NUCLEO REG. EDUCACAO - CORNELIO PROCOPIO                    ,ASSAI,41040759,"CARRAO, C E C-M CONS EFM ETI",Ativo
NUCLEO REG. EDUCACAO - CORNELIO PROCOPIO                    ,CORNELIO PROCOPIO,41044061,"CASTRO ALVES, C E-EF M PROFIS",Ativo
NUCLEO REG. EDUCACAO - CORNELIO PROCOPIO                    ,SERTANEJA,41046250,"CECILIA MEIRELES, C E-EM N PROFIS",Ativo
NUCLEO REG. EDUCACAO - CORNELIO PROCOPIO                    ,BANDEIRANTES,41042905,"CECILIA MEIRELES, E E-EF ETI",Ativo
NUCLEO REG. EDUCACAO - CORNELIO PROCOPIO                    ,CORNELIO PROCOPIO,41357272,CEEBJA CORNELIO PROCOPIO-EF M,Ativo
NUCLEO REG. EDUCACAO - CORNELIO PROCOPIO                    ,ASSAI,41154681,CENTRO EST ED PROF PF MARIA L C BOMTEMPO,Ativo
NUCLEO REG. EDUCACAO - CORNELIO PROCOPIO                    ,SANTA MARIANA,41045882,CENTRO EST EDUC PROFIS AG FERNANDO COSTA,Ativo
NUCLEO REG. EDUCACAO - CORNELIO PROCOPIO                    ,BANDEIRANTES,41156595,CENTRO EST EDUC PROFIS OZORIO G NOGUEIRA,Ativo
NUCLEO REG. EDUCACAO - CORNELIO PROCOPIO                    ,CORNELIO PROCOPIO,41044126,"CRISTO REI, C E-NORMAL PROFIS",Ativo
NUCLEO REG. EDUCACAO - CORNELIO PROCOPIO                    ,BANDEIRANTES,41042956,"CYRIACO RUSSO, C E-EM N PROFIS",Ativo
NUCLEO REG. EDUCACAO - CORNELIO PROCOPIO                    ,CORNELIO PROCOPIO,41044169,"DULCE DE S CARVALHO, C E-EF ETI EM",Ativo
NUCLEO REG. EDUCACAO - CORNELIO PROCOPIO                    ,SANTO ANTONIO DO PARAISO,41046099,"FLORIANO LANDGRAF, C E-EF ETI EM",Ativo
NUCLEO REG. EDUCACAO - CORNELIO PROCOPIO                    ,BANDEIRANTES,41043111,"HUBERTO TEIXEIRA RIBEIRO, C E-EF ETI EM",Ativo
NUCLEO REG. EDUCACAO - CORNELIO PROCOPIO                    ,SANTA CECILIA DO PAVAO,41041410,"JERONIMO F MARTINS, C E-EF M ETI",Ativo
NUCLEO REG. EDUCACAO - CORNELIO PROCOPIO                    ,SAO SEBASTIAO DA AMOREIRA,41042077,"JERONIMO ONUMA, C E PE-EF M N",Ativo
NUCLEO REG. EDUCACAO - CORNELIO PROCOPIO                    ,CORNELIO PROCOPIO,41044258,"JOAO CARLOS DE FARIA, E E MAJ-EF ETI",Ativo
NUCLEO REG. EDUCACAO - CORNELIO PROCOPIO                    ,SAO SEBASTIAO DA AMOREIRA,41042085,"JOAO TURIN, C E C-M-EF M",Ativo
NUCLEO REG. EDUCACAO - CORNELIO PROCOPIO                    ,SAO JERONIMO DA SERRA,41041712,"JOAO XXIII, C E C-M-EF M",Ativo
NUCLEO REG. EDUCACAO - CORNELIO PROCOPIO                    ,SANTA MARIANA,41045939,"JOAQUIM M M ASSIS, C E-EF M ETI PROFIS",Ativo
NUCLEO REG. EDUCACAO - CORNELIO PROCOPIO                    ,CONGONHINHAS,41043758,"JOSE D DA COSTA, C E-EF ETI EM",Ativo
NUCLEO REG. EDUCACAO - CORNELIO PROCOPIO                    ,SAO JERONIMO DA SERRA,41041739,"JOSE F DE MELLO, C E-EF M N",Ativo
NUCLEO REG. EDUCACAO - CORNELIO PROCOPIO                    ,BANDEIRANTES,41043200,"JUVENAL MESQUITA, C E-EF ETI EM",Ativo
NUCLEO REG. EDUCACAO - CORNELIO PROCOPIO                    ,SAO JERONIMO DA SERRA,41041623,"KOFEJ, C E IND CACIQUE-EI EF M",Ativo
NUCLEO REG. EDUCACAO - CORNELIO PROCOPIO                    ,BANDEIRANTES,41043243,"LOURENCO ORMENEZZE, E E DO C-EF",Ativo
NUCLEO REG. EDUCACAO - CORNELIO PROCOPIO                    ,BANDEIRANTES,41043286,"MAILON MEDEIROS, C E C-M PROF-EF M",Ativo
NUCLEO REG. EDUCACAO - CORNELIO PROCOPIO                    ,CORNELIO PROCOPIO,41044320,"MANUEL DA NOBREGA, E E PE-EF ETI",Ativo
NUCLEO REG. EDUCACAO - CORNELIO PROCOPIO                    ,ITAMBARACA,41044789,"MARCILIO DIAS, C E-EF M ETI N PROFIS",Ativo
NUCLEO REG. EDUCACAO - CORNELIO PROCOPIO                    ,LEOPOLIS,41044924,"MARIA APARECIDA P BATISTA, E E C -EF",Ativo
NUCLEO REG. EDUCACAO - CORNELIO PROCOPIO                    ,LEOPOLIS,41044940,"MARIA J P SOUZA, C E-EM N PROFIS",Ativo
NUCLEO REG. EDUCACAO - CORNELIO PROCOPIO                    ,LEOPOLIS,41044959,"MARIA PEREIRA, E E-EF ETI",Ativo
NUCLEO REG. EDUCACAO - CORNELIO PROCOPIO                    ,ITAMBARACA,41044800,"MIRAZINHA BRAGA, E E C-EF",Ativo
NUCLEO REG. EDUCACAO - CORNELIO PROCOPIO                    ,CORNELIO PROCOPIO,41044363,"MONTEIRO LOBATO, C E C-M-EF M",Ativo
NUCLEO REG. EDUCACAO - CORNELIO PROCOPIO                    ,BANDEIRANTES,41043375,"NOBREGA DA CUNHA, C E C-M-EF M",Ativo
NUCLEO REG. EDUCACAO - CORNELIO PROCOPIO                    ,BANDEIRANTES,41043391,"NOSSA SRA DA CANDELARIA,C E DO C-EF M",Ativo
NUCLEO REG. EDUCACAO - CORNELIO PROCOPIO                    ,SAO JERONIMO DA SERRA,41041798,"ONOFRE KANHGREN, C E I CAC-EI EF M",Ativo
NUCLEO REG. EDUCACAO - CORNELIO PROCOPIO                    ,CONGONHINHAS,41043812,"PATRIMONIO SANTA MARIA, C E C-EF M",Ativo
NUCLEO REG. EDUCACAO - CORNELIO PROCOPIO                    ,RANCHO ALEGRE,41041364,"PAULINA PACIFICO BORSARI, C E-EF ETI EM",Ativo
NUCLEO REG. EDUCACAO - CORNELIO PROCOPIO                    ,URAI,41042336,"PAULO MOZART MACHADO, C E C-M PROF-EF M",Ativo
NUCLEO REG. EDUCACAO - CORNELIO PROCOPIO                    ,NOVA AMERICA DA COLINA,41045092,"PAULO VI, C E PAPA-EF M",Ativo
NUCLEO REG. EDUCACAO - CORNELIO PROCOPIO                    ,JATAIZINHO,41041135,"PEDRO V P DE SOUZA, C E PROF-EFM ETI PRO",Ativo
NUCLEO REG. EDUCACAO - CORNELIO PROCOPIO                    ,CORNELIO PROCOPIO,41160452,"POL MILITAR, C DA-E F M P",Ativo
NUCLEO REG. EDUCACAO - CORNELIO PROCOPIO                    ,SAO JERONIMO DA SERRA,41041836,"RAEL VYNHKAG, E E IND INDIO-EI EF",Ativo
NUCLEO REG. EDUCACAO - CORNELIO PROCOPIO                    ,URAI,41042344,"REGINA TOKANO, C E PROFA-EF M",Ativo
NUCLEO REG. EDUCACAO - CORNELIO PROCOPIO                    ,ASSAI,41040929,"RIO BRANCO, C E BR DO-EF ETI EM",Ativo
NUCLEO REG. EDUCACAO - CORNELIO PROCOPIO                    ,URAI,41042352,"RUBENS L FILGUEIRAS, C E-EF M",Ativo
NUCLEO REG. EDUCACAO - CORNELIO PROCOPIO                    ,SAO JERONIMO DA SERRA,41041879,"SAO JOAO DO PINHAL, C E C DE-EF M",Ativo
NUCLEO REG. EDUCACAO - CORNELIO PROCOPIO                    ,SAO JERONIMO DA SERRA,41041887,"SAO JORGE, C E C-EF M ETI",Ativo
NUCLEO REG. EDUCACAO - CORNELIO PROCOPIO                    ,SANTA AMELIA,41045777,"TUDJA NHANDERU, E E IND CACIQUE-EI EF",Ativo
NUCLEO REG. EDUCACAO - CORNELIO PROCOPIO                    ,CORNELIO PROCOPIO,41044649,"VANDYR DE ALMEIDA, C E-EF ETI EM",Ativo
NUCLEO REG. EDUCACAO - CORNELIO PROCOPIO                    ,SAO JERONIMO DA SERRA,41041968,"VILA NOVA, E E DO C-EF",Ativo
NUCLEO REG. EDUCACAO - CORNELIO PROCOPIO                    ,SANTA AMELIA,41045785,"VINICIUS DE MORAIS, C E-EM",Ativo
NUCLEO REG. EDUCACAO - CORNELIO PROCOPIO                    ,ASSAI,41040899,"WALERIAN WROSZ, E E C PROF-EF ETI",Ativo
NUCLEO REG. EDUCACAO - CORNELIO PROCOPIO                    ,CORNELIO PROCOPIO,41143922,"WILLIAM MADI, C E PROF-EF M ETI",Ativo
NUCLEO REG. EDUCACAO - CORNELIO PROCOPIO                    ,CORNELIO PROCOPIO,41044681,"ZULMIRA MARCHESI SILVA, C E-EF ETI EM",Ativo
NUCLEO REG. EDUCACAO - CURITIBA                             ,CURITIBA,41357191,"ALCINDO FANAYA JR, CE SURDOS-EI EF M ETI",Ativo
NUCLEO REG. EDUCACAO - CURITIBA                             ,CURITIBA,41127021,"ALCYONE M C VELLOZO, C E PROF-EF M PROFI",Ativo
NUCLEO REG. EDUCACAO - CURITIBA                             ,CURITIBA,41127048,"ALFREDO PARODI, C E-EF M PROFIS",Ativo
NUCLEO REG. EDUCACAO - CURITIBA                             ,CURITIBA,41127056,"ALGACYR M MAEDER, CE PROF-EFM ETI PROFIS",Ativo
NUCLEO REG. EDUCACAO - CURITIBA                             ,CURITIBA,41127072,"ALINE PICHETH, E E-EF",Ativo
NUCLEO REG. EDUCACAO - CURITIBA                             ,CURITIBA,41127196,"ANGELO GUSSO, C E-EF M PROFIS",Ativo
NUCLEO REG. EDUCACAO - CURITIBA                             ,CURITIBA,41127200,"ANGELO TREVISAN, C E-EF M PROFIS",Ativo
NUCLEO REG. EDUCACAO - CURITIBA                             ,CURITIBA,41127218,"ANGELO VOLPATO, C E-EF M ETI",Ativo
NUCLEO REG. EDUCACAO - CURITIBA                             ,CURITIBA,41361989,"ANIBAL KHURY NETO, C E-EF M PROFIS",Ativo
NUCLEO REG. EDUCACAO - CURITIBA                             ,CURITIBA,41127340,"ARLINDO C DE AMORIM, C E C-M-EF M PROFIS",Ativo
NUCLEO REG. EDUCACAO - CURITIBA                             ,CURITIBA,41127358,"ARTHUR R DE MACEDO, E E-EF",Ativo
NUCLEO REG. EDUCACAO - CURITIBA                             ,CURITIBA,41127382,"ATTICO EUSEBIO DA ROCHA, C E D-EF M PROF",Ativo
NUCLEO REG. EDUCACAO - CURITIBA                             ,CURITIBA,41127420,"AVELINO ANTONIO VIEIRA, C E-EF M PROFIS",Ativo
NUCLEO REG. EDUCACAO - CURITIBA                             ,CURITIBA,41127609,"BEATRIZ FARIA ANSAY, C E C-M-EFMP",Ativo
NUCLEO REG. EDUCACAO - CURITIBA                             ,CURITIBA,41127650,"BENEDICTO J CORDEIRO, C E-EF M N PROFIS",Ativo
NUCLEO REG. EDUCACAO - CURITIBA                             ,CURITIBA,41127668,"BENTO M DA ROCHA NETO, C E C - M -EFMP",Ativo
NUCLEO REG. EDUCACAO - CURITIBA                             ,CURITIBA,41127790,"BRANCA DO N MIRANDA, C E DONA-E F M P",Ativo
NUCLEO REG. EDUCACAO - CURITIBA                             ,CURITIBA,41127820,"BRASILIO V DE CASTRO, C E PROF-EF M PROF",Ativo
NUCLEO REG. EDUCACAO - CURITIBA                             ,CURITIBA,41127854,"CAETANO MUNHOZ DA ROCHA, C FORM R H",Ativo
NUCLEO REG. EDUCACAO - CURITIBA                             ,CURITIBA,41127897,"CANDIDO RONDON, C E C-M MAL-EF M PROFIS",Ativo
NUCLEO REG. EDUCACAO - CURITIBA                             ,CURITIBA,41128044,"CAROLA, E E DONA-EF",Ativo
NUCLEO REG. EDUCACAO - CURITIBA                             ,CURITIBA,41128052,"CARRAO, C E CONS-EF M ETI",Ativo
NUCLEO REG. EDUCACAO - CURITIBA                             ,CURITIBA,41357620,CEAD POLO POTTY LAZAROTTO-EF M,Ativo
NUCLEO REG. EDUCACAO - CURITIBA                             ,CURITIBA,41128176,"CECILIA MEIRELES, C E-EF M ETI PROFIS",Ativo
NUCLEO REG. EDUCACAO - CURITIBA                             ,CURITIBA,41146220,CEEBJA BARIGUI-EF M,Ativo
NUCLEO REG. EDUCACAO - CURITIBA                             ,CURITIBA,41357329,CEEBJA DR FRANCISCO RIB AZEV MACEDO-EF M,Ativo
NUCLEO REG. EDUCACAO - CURITIBA                             ,CURITIBA,41357604,CEEBJA PAULO FREIRE-EF M,Ativo
NUCLEO REG. EDUCACAO - CURITIBA                             ,CURITIBA,41390032,CEEBJA PROFA LAIS MIQUELOTTO-EF M,Ativo
NUCLEO REG. EDUCACAO - CURITIBA                             ,CURITIBA,41146212,CEEBJA PROFA MARIA DEON DE LIRA-EF M,Ativo
NUCLEO REG. EDUCACAO - CURITIBA                             ,CURITIBA,41129857,CENTRO EST EDUC PROFIS DE CURITIBA,Ativo
NUCLEO REG. EDUCACAO - CURITIBA                             ,CURITIBA,41128362,"CLAUDIO MORELLI, C E PE-EF M",Ativo
NUCLEO REG. EDUCACAO - CURITIBA                             ,CURITIBA,41128389,"CLETO, C E PROF-EF M ETI PROFIS",Ativo
NUCLEO REG. EDUCACAO - CURITIBA                             ,CURITIBA,41128427,"COLBACCHINI, E E PE-EF ETI",Ativo
NUCLEO REG. EDUCACAO - CURITIBA                             ,CURITIBA,41128664,"CRUZEIRO DO SUL, C E C-M-EF M P",Ativo
NUCLEO REG. EDUCACAO - CURITIBA                             ,CURITIBA,41128885,"DIRCE C DO AMARAL, C E PROFA-EF M PROFIS",Ativo
NUCLEO REG. EDUCACAO - CURITIBA                             ,CURITIBA,41128915,"DOMINGOS ZANLORENZI, C E C-M- EFM ETI P",Ativo
NUCLEO REG. EDUCACAO - CURITIBA                             ,CURITIBA,41128966,"DORACY CEZARINO, E E-EF ETI",Ativo
NUCLEO REG. EDUCACAO - CURITIBA                             ,CURITIBA,41128656,"ELIAS ABRAHAO, C E PROF-EF M PROFIS",Ativo
NUCLEO REG. EDUCACAO - CURITIBA                             ,CURITIBA,41129083,"EMILIO DE MENEZES, C E-EF M PROFIS",Ativo
NUCLEO REG. EDUCACAO - CURITIBA                             ,CURITIBA,41129164,"ERMELINO DE LEAO, C E C-M-EF M PROFIS",Ativo
NUCLEO REG. EDUCACAO - CURITIBA                             ,CURITIBA,41129172,"ERNANI VIDAL, C E-EF M PROFIS",Ativo
NUCLEO REG. EDUCACAO - CURITIBA                             ,CURITIBA,41129253,"ETELVINA C RIBAS, C E C-M PROFA-EF M P",Ativo
NUCLEO REG. EDUCACAO - CURITIBA                             ,CURITIBA,41377591,"EURIDES BRANDAO, C E-EF M PROFIS",Ativo
NUCLEO REG. EDUCACAO - CURITIBA                             ,CURITIBA,41129261,"EUZEBIO DA MOTA, C E-EF M PROF",Ativo
NUCLEO REG. EDUCACAO - CURITIBA                             ,CURITIBA,41377613,"FLAVIO F DA LUZ, C E-EF M PROFIS",Ativo
NUCLEO REG. EDUCACAO - CURITIBA                             ,CURITIBA,41129490,"FRANCISCO ZARDO, C E PROF-EF M PROFIS N",Ativo
NUCLEO REG. EDUCACAO - CURITIBA                             ,CURITIBA,41129512,"GABRIELA MISTRAL, C E-EF M",Ativo
NUCLEO REG. EDUCACAO - CURITIBA                             ,CURITIBA,41129539,"GELVIRA CORREA PACHECO, C E-EF M P",Ativo
NUCLEO REG. EDUCACAO - CURITIBA                             ,CURITIBA,41129580,"GETULIO VARGAS, C E C-M-EF M PROFIS",Ativo
NUCLEO REG. EDUCACAO - CURITIBA                             ,CURITIBA,41129628,"GOTTLIEB MUELLER, C E C-M-EF M PROFIS",Ativo
NUCLEO REG. EDUCACAO - CURITIBA                             ,CURITIBA,41129679,"GUAIRA, C E-EF M ETI PROFIS",Ativo
NUCLEO REG. EDUCACAO - CURITIBA                             ,CURITIBA,41158784,"GUARDA MIRIM DO PARANA, C E-EM PROF",Ativo
NUCLEO REG. EDUCACAO - CURITIBA                             ,CURITIBA,41531876,"GUIDO ARZUA, C E C M PROF - EF M PROF",Ativo
NUCLEO REG. EDUCACAO - CURITIBA                             ,CURITIBA,41129687,"GUIDO STRAUBE, C E PROF-EF M ETI PROFIS",Ativo
NUCLEO REG. EDUCACAO - CURITIBA                             ,CURITIBA,41130006,"GUILHERME A MARANHAO, C E DESEMB-EF M P",Ativo
NUCLEO REG. EDUCACAO - CURITIBA                             ,CURITIBA,41128222,"GUILHERME JACOBUCCI,E E SURDOS- EIEF ETI",Ativo
NUCLEO REG. EDUCACAO - CURITIBA                             ,CURITIBA,41129717,"GUILHERME PEREIRA NETO, C E-EF M PROFIS",Ativo
NUCLEO REG. EDUCACAO - CURITIBA                             ,CURITIBA,41129725,"HASDRUBAL BELLEGARD, C E-EF M PROFIS",Ativo
NUCLEO REG. EDUCACAO - CURITIBA                             ,CURITIBA,41129741,"HELENA DIONYSIO, E E-EF ETI",Ativo
NUCLEO REG. EDUCACAO - CURITIBA                             ,CURITIBA,41129792,"HILDEBRANDO DE ARAUJO, CE-EFM ETI PROFIS",Ativo
NUCLEO REG. EDUCACAO - CURITIBA                             ,CURITIBA,41128508,"HILDEGARD SONDAHL, C E PROFA-EF M PROFIS",Ativo
NUCLEO REG. EDUCACAO - CURITIBA                             ,CURITIBA,41129806,"HOMERO B DE BARROS, C E-EFM ETI",Ativo
NUCLEO REG. EDUCACAO - CURITIBA                             ,CURITIBA,41128753,"IARA BERGMANN, C E PROFA-EF M PROFIS",Ativo
NUCLEO REG. EDUCACAO - CURITIBA                             ,CURITIBA,41370627,"INEZ VICENTE BOROCZ, C E-EF M PROFIS",Ativo
NUCLEO REG. EDUCACAO - CURITIBA                             ,CURITIBA,41129130,INS ED PR PROF ERASMO PILOTTO-EFM ETI NP,Ativo
NUCLEO REG. EDUCACAO - CURITIBA                             ,CURITIBA,41129920,"ISABEL L S SOUZA, C E PROFA-EF M PROFIS",Ativo
NUCLEO REG. EDUCACAO - CURITIBA                             ,CURITIBA,41129938,"ISOLDA SCHMID, C E-EF ETI EM",Ativo
NUCLEO REG. EDUCACAO - CURITIBA                             ,CURITIBA,41129970,"IVO LEAO, C E-EF M",Ativo
NUCLEO REG. EDUCACAO - CURITIBA                             ,CURITIBA,41129989,"IVO ZANLORENZI, E E C-M MONS-EF",Ativo
NUCLEO REG. EDUCACAO - CURITIBA                             ,CURITIBA,41130065,"JAYME CANET, C E C-M-EF M P",Ativo
NUCLEO REG. EDUCACAO - CURITIBA                             ,CURITIBA,41130103,"JOAO BETTEGA, C E-EF M ETI PROFIS N",Ativo
NUCLEO REG. EDUCACAO - CURITIBA                             ,CURITIBA,41130138,"JOAO DE OLIVEIRA FRANCO, C E-EF M PROFIS",Ativo
NUCLEO REG. EDUCACAO - CURITIBA                             ,CURITIBA,41130146,"JOAO LOYOLA, C E C-M PROF-EF M P",Ativo
NUCLEO REG. EDUCACAO - CURITIBA                             ,CURITIBA,41130162,"JOAO MAZZAROTTO, C E-EF ETI EM PROFIS",Ativo
NUCLEO REG. EDUCACAO - CURITIBA                             ,CURITIBA,41130170,"JOAO PAULO I, C E C-M PAPA-EF M P",Ativo
NUCLEO REG. EDUCACAO - CURITIBA                             ,CURITIBA,41130189,"JOAO PAULO II, C E C-M EFMP",Ativo
NUCLEO REG. EDUCACAO - CURITIBA                             ,CURITIBA,41130197,"JOAO TURIN, C E C-M-EF M PROFIS",Ativo
NUCLEO REG. EDUCACAO - CURITIBA                             ,CURITIBA,41130200,"JOAO WISLINSKI, C E C-M PE-EF M N P",Ativo
NUCLEO REG. EDUCACAO - CURITIBA                             ,CURITIBA,41130243,"JOSE BUSNARDO, C E C-M - EFM ETI",Ativo
NUCLEO REG. EDUCACAO - CURITIBA                             ,CURITIBA,41130294,"JOSE FRESSATO, C E-EF M",Ativo
NUCLEO REG. EDUCACAO - CURITIBA                             ,CURITIBA,41130308,"JOSE GUIMARAES, C E PROF-EM ETI PROFIS",Ativo
NUCLEO REG. EDUCACAO - CURITIBA                             ,CURITIBA,41127811,"JOSE RICHA, E E-EF MOD ED ESP",Ativo
NUCLEO REG. EDUCACAO - CURITIBA                             ,CURITIBA,41130340,"JULIA WANDERLEY, C E-EF M PROFIS",Ativo
NUCLEO REG. EDUCACAO - CURITIBA                             ,CURITIBA,41130359,"JULIO MESQUITA, C E C-M PROF-EF M PROFIS",Ativo
NUCLEO REG. EDUCACAO - CURITIBA                             ,CURITIBA,41130405,"LA SALLE, C E-EF M PROF",Ativo
NUCLEO REG. EDUCACAO - CURITIBA                             ,CURITIBA,41130421,"LAMENHA LINS, C E C-M PRES-EF M P",Ativo
NUCLEO REG. EDUCACAO - CURITIBA                             ,CURITIBA,41130499,"LEONCIO CORREIA, C E-EF M PROFIS",Ativo
NUCLEO REG. EDUCACAO - CURITIBA                             ,CURITIBA,41130618,"LOUREIRO FERNANDES,CE PROF-EFM ETI PROFI",Ativo
NUCLEO REG. EDUCACAO - CURITIBA                             ,CURITIBA,41130634,"LUCIA BASTOS, C E-EF M",Ativo
NUCLEO REG. EDUCACAO - CURITIBA                             ,CURITIBA,41428846,"LUCY REQUIAO DE M E SILVA, E E-EI EF M E",Ativo
NUCLEO REG. EDUCACAO - CURITIBA                             ,CURITIBA,41130669,"LUIZ CARLOS P E SOUZA, C E C-M PROF-EF M",Ativo
NUCLEO REG. EDUCACAO - CURITIBA                             ,CURITIBA,41130685,"LUIZA ROSS, C E C-M PROFA-EF M P",Ativo
NUCLEO REG. EDUCACAO - CURITIBA                             ,CURITIBA,41130723,"LYSIMACO F COSTA, C E PROF-EF M P",Ativo
NUCLEO REG. EDUCACAO - CURITIBA                             ,CURITIBA,41130782,"MANOEL A GUIMARAES, C E C-M SEN - EF M P",Ativo
NUCLEO REG. EDUCACAO - CURITIBA                             ,CURITIBA,41130790,"MANOEL RIBAS, C E-EF M",Ativo
NUCLEO REG. EDUCACAO - CURITIBA                             ,CURITIBA,41130847,"MARIA A TEIXEIRA, CE PROFA-EFM ETI PROF",Ativo
NUCLEO REG. EDUCACAO - CURITIBA                             ,CURITIBA,41130855,"MARIA BALBINA C DIAS, CE PROFA-EF ETI EM",Ativo
NUCLEO REG. EDUCACAO - CURITIBA                             ,CURITIBA,41130901,"MARIA GAI GRENDEL, C E PROFA-EF M PROFIS",Ativo
NUCLEO REG. EDUCACAO - CURITIBA                             ,CURITIBA,41130910,"MARIA HELOISA CASSELLI, CE PROFA-EFM ETI",Ativo
NUCLEO REG. EDUCACAO - CURITIBA                             ,CURITIBA,41130936,"MARIA MONTESSORI, C E-EF M",Ativo
NUCLEO REG. EDUCACAO - CURITIBA                             ,CURITIBA,41130952,"MARIA P MARTINS, E E C-M -EF",Ativo
NUCLEO REG. EDUCACAO - CURITIBA                             ,CURITIBA,41387848,"MARLI QUEIROZ AZEVEDO, CE PROFA - EF M P",Ativo
NUCLEO REG. EDUCACAO - CURITIBA                             ,CURITIBA,41131002,"MAXIMO A ASINELLI, CE PROF-EF M ETI PROF",Ativo
NUCLEO REG. EDUCACAO - CURITIBA                             ,CURITIBA,41131223,"MILTON CARNEIRO, C E C-M-EF M P",Ativo
NUCLEO REG. EDUCACAO - CURITIBA                             ,CURITIBA,41377605,"MORADIAS MONTEIRO LOBATO, CE-EF M P",Ativo
NUCLEO REG. EDUCACAO - CURITIBA                             ,CURITIBA,41131460,"NARCISO MENDES, C E PROF-EF M",Ativo
NUCLEO REG. EDUCACAO - CURITIBA                             ,CURITIBA,41131479,"NATALIA REGINATO, C E-EF M PROFIS",Ativo
NUCLEO REG. EDUCACAO - CURITIBA                             ,CURITIBA,41151399,"NATALIE BARRAGA, C A E E",Ativo
NUCLEO REG. EDUCACAO - CURITIBA                             ,CURITIBA,41131495,"NEWTON F DA COSTA, C E-EF M_ETI",Ativo
NUCLEO REG. EDUCACAO - CURITIBA                             ,CURITIBA,41131517,"NILO BRANDAO, C E PROF-EF M PROFIS",Ativo
NUCLEO REG. EDUCACAO - CURITIBA                             ,CURITIBA,41387279,"NIRLEI MEDEIROS, C E-EF M PROFIS",Ativo
NUCLEO REG. EDUCACAO - CURITIBA                             ,CURITIBA,41131576,"NOSSA SRA APARECIDA, E E-EF ETI",Ativo
NUCLEO REG. EDUCACAO - CURITIBA                             ,CURITIBA,41131592,"NOSSA SRA DA SALETE, C E-EF ETI EM PROFI",Ativo
NUCLEO REG. EDUCACAO - CURITIBA                             ,CURITIBA,41131614,"NOSSA SRA DE FATIMA, E E-EF",Ativo
NUCLEO REG. EDUCACAO - CURITIBA                             ,CURITIBA,41131886,"OLAVO DEL CLARO, C E C-M PROF-EF M P",Ativo
NUCLEO REG. EDUCACAO - CURITIBA                             ,CURITIBA,41131908,"OLIVIO BELICH, C E DEP-EF ETI EM",Ativo
NUCLEO REG. EDUCACAO - CURITIBA                             ,CURITIBA,41131967,"ORIONE, C E D-EF M PROFIS",Ativo
NUCLEO REG. EDUCACAO - CURITIBA                             ,CURITIBA,41132122,"PARANA, C E DO-EF M PROFIS",Ativo
NUCLEO REG. EDUCACAO - CURITIBA                             ,CURITIBA,41132203,"PAULA GOMES, C E-EF M ETI PROFIS",Ativo
NUCLEO REG. EDUCACAO - CURITIBA                             ,CURITIBA,41132211,"PAULINA P BORSARI, C E-EF M PROF",Ativo
NUCLEO REG. EDUCACAO - CURITIBA                             ,CURITIBA,41132220,"PAULO LEMINSKI, C E-EF M N PROFIS",Ativo
NUCLEO REG. EDUCACAO - CURITIBA                             ,CURITIBA,41132297,"PEDRO II, E E D-EF",Ativo
NUCLEO REG. EDUCACAO - CURITIBA                             ,CURITIBA,41132300,"PEDRO MACEDO, C E-EF M PROFIS N",Ativo
NUCLEO REG. EDUCACAO - CURITIBA                             ,CURITIBA,41370597,"PILAR MATURANA, C E-EF M P",Ativo
NUCLEO REG. EDUCACAO - CURITIBA                             ,CURITIBA,41132475,"PINHEIRO DO PARANA, C E C-M-EF M P",Ativo
NUCLEO REG. EDUCACAO - CURITIBA                             ,CURITIBA,41132483,"PIO LANTERI, C E-EF M PROFIS",Ativo
NUCLEO REG. EDUCACAO - CURITIBA                             ,CURITIBA,41132556,"POL MILITAR, C CEL P M F S MIR-EF M",Ativo
NUCLEO REG. EDUCACAO - CURITIBA                             ,CURITIBA,41132572,"POLIVALENTE DE CURITIBA, C E-EF M N",Ativo
NUCLEO REG. EDUCACAO - CURITIBA                             ,CURITIBA,41132718,"PROTASIO DE CARVALHO, C E-EF M PROFIS",Ativo
NUCLEO REG. EDUCACAO - CURITIBA                             ,CURITIBA,41132882,"REPUBLICA ORIENTAL URUGUAI, C E C-M-EF M",Ativo
NUCLEO REG. EDUCACAO - CURITIBA                             ,CURITIBA,41132912,"RIO BRANCO, C E-EF M ETI PROFIS N",Ativo
NUCLEO REG. EDUCACAO - CURITIBA                             ,CURITIBA,41132955,"ROBERTO LANGER JUNIOR, C E-EF M PROFIS",Ativo
NUCLEO REG. EDUCACAO - CURITIBA                             ,CURITIBA,41128516,"RODOLPHO ZANINELLI, C E-EFMPN",Ativo
NUCLEO REG. EDUCACAO - CURITIBA                             ,CURITIBA,41133102,"SANTA CANDIDA, C E-EF M PROFIS N",Ativo
NUCLEO REG. EDUCACAO - CURITIBA                             ,CURITIBA,41133137,"SANTA FELICIDADE, C E C-M-EF M P",Ativo
NUCLEO REG. EDUCACAO - CURITIBA                             ,CURITIBA,41133145,"SANTA GEMMA GALGANI, C E-EF M ETI PROFIS",Ativo
NUCLEO REG. EDUCACAO - CURITIBA                             ,CURITIBA,41133161,"SANTA ROSA, C E-EF M PROFIS",Ativo
NUCLEO REG. EDUCACAO - CURITIBA                             ,CURITIBA,41133188,"SANTO AGOSTINHO, C E-EF M",Ativo
NUCLEO REG. EDUCACAO - CURITIBA                             ,CURITIBA,41133200,"SANTO ANTONIO, C E C-M-EF M",Ativo
NUCLEO REG. EDUCACAO - CURITIBA                             ,CURITIBA,41133226,"SANTOS DUMONT, C E-EF M ETI",Ativo
NUCLEO REG. EDUCACAO - CURITIBA                             ,CURITIBA,41133234,"SAO BRAZ, C E-EF M PROFIS",Ativo
NUCLEO REG. EDUCACAO - CURITIBA                             ,CURITIBA,41133358,"SAO PAULO APOSTOLO, C E-EF M PROFIS",Ativo
NUCLEO REG. EDUCACAO - CURITIBA                             ,CURITIBA,41130057,"SAO PEDRO APOSTOLO, C E-EF M PROFIS",Ativo
NUCLEO REG. EDUCACAO - CURITIBA                             ,CURITIBA,41133366,"SAO SEBASTIAO, C E-EFM",Ativo
NUCLEO REG. EDUCACAO - CURITIBA                             ,CURITIBA,41133404,"SEBASTIAO SAPORSKI, C E C-M-EF M PROFIS",Ativo
NUCLEO REG. EDUCACAO - CURITIBA                             ,CURITIBA,41133412,"SEGISMUNDO FALARZ, C E C-M-EFMP",Ativo
NUCLEO REG. EDUCACAO - CURITIBA                             ,CURITIBA,41133471,"SENHORINHA M SARMENTO, C E C-M-EF M P",Ativo
NUCLEO REG. EDUCACAO - CURITIBA                             ,CURITIBA,41133560,"SILVESTRE KANDORA, C E PE-EFM ETI PROFIS",Ativo
NUCLEO REG. EDUCACAO - CURITIBA                             ,CURITIBA,41148819,"TATUQUARA, C E-EF M",Ativo
NUCLEO REG. EDUCACAO - CURITIBA                             ,CURITIBA,41357027,"TEOBALDO L KLETEMBERG, C E PR-EF M P",Ativo
NUCLEO REG. EDUCACAO - CURITIBA                             ,CURITIBA,41133781,"TEOTONIO VILELA, C E-EF M PROF",Ativo
NUCLEO REG. EDUCACAO - CURITIBA                             ,CURITIBA,41134273,"VICTOR DO AMARAL, C E PROF-EFM ETI PROFI",Ativo
NUCLEO REG. EDUCACAO - CURITIBA                             ,CURITIBA,41134419,"XAVIER DA SILVA, C E DR-EF M ETI PROFIS",Ativo
NUCLEO REG. EDUCACAO - CURITIBA                             ,CURITIBA,41134435,"YVONE PIMENTEL, C E C-M-EF M PROFIS",Ativo
NUCLEO REG. EDUCACAO - DOIS VIZINHOS                        ,CRUZEIRO DO IGUACU,41084292,"ARNALDO BUSATO, C E DR-EF M ETI PROFIS",Ativo
NUCLEO REG. EDUCACAO - DOIS VIZINHOS                        ,SALTO DO LONTRA,41088891,"BAIRRO ITAIPU, E E DO-EF ETI",Ativo
NUCLEO REG. EDUCACAO - DOIS VIZINHOS                        ,NOVA ESPERANCA DO SUDOESTE,41087208,"BARRA BONITA, E E C-EF",Ativo
NUCLEO REG. EDUCACAO - DOIS VIZINHOS                        ,SALTO DO LONTRA,41088905,"BARRA DO LONTRA, E E C DE-EF",Ativo
NUCLEO REG. EDUCACAO - DOIS VIZINHOS                        ,BOA ESPERANCA DO IGUACU,41084136,"BOA E DO IGUACU, C E-EF  ETI",Ativo
NUCLEO REG. EDUCACAO - DOIS VIZINHOS                        ,DOIS VIZINHOS,41084500,"CAXIAS, C E DQ DE-EF ETI EM",Ativo
NUCLEO REG. EDUCACAO - DOIS VIZINHOS                        ,NOVA PRATA DO IGUACU,41087534,"CECILIA MEIRELES, E E C-EF",Ativo
NUCLEO REG. EDUCACAO - DOIS VIZINHOS                        ,CRUZEIRO DO IGUACU,41084314,"CELESTINA MARIA, E E DO C IRMA-EF",Ativo
NUCLEO REG. EDUCACAO - DOIS VIZINHOS                        ,NOVA PRATA DO IGUACU,41087542,"CRISTO REDENTOR, E E-EF ETI",Ativo
NUCLEO REG. EDUCACAO - DOIS VIZINHOS                        ,DOIS VIZINHOS,41084560,"DOIS VIZINHOS, C E DE-EF M PROFIS",Ativo
NUCLEO REG. EDUCACAO - DOIS VIZINHOS                        ,DOIS VIZINHOS,41084632,"GERMANO STEDILE, C E C -E F M ETI",Ativo
NUCLEO REG. EDUCACAO - DOIS VIZINHOS                        ,SAO JORGE DO OESTE,41089901,"IOLOPOLIS, E E C DE-EF",Ativo
NUCLEO REG. EDUCACAO - DOIS VIZINHOS                        ,SALTO DO LONTRA,41089006,"JORGE DE LIMA, E E C-M-EF",Ativo
NUCLEO REG. EDUCACAO - DOIS VIZINHOS                        ,NOVA PRATA DO IGUACU,41087607,"JOSE DE ALENCAR, C E-EM ETI PROFIS",Ativo
NUCLEO REG. EDUCACAO - DOIS VIZINHOS                        ,DOIS VIZINHOS,41084721,"JOSE DE ANCHIETA, C E C-M - EF ETI EM",Ativo
NUCLEO REG. EDUCACAO - DOIS VIZINHOS                        ,SAO JORGE DO OESTE,41089944,"JOSE DE ANCHIETA, C E PE-EF M N PROFIS",Ativo
NUCLEO REG. EDUCACAO - DOIS VIZINHOS                        ,DOIS VIZINHOS,41084772,"LEONARDO DA VINCI, C E C-M-EF M N PROFIS",Ativo
NUCLEO REG. EDUCACAO - DOIS VIZINHOS                        ,SALTO DO LONTRA,41089030,"LINHA BOEIRA, E E C DE-EF",Ativo
NUCLEO REG. EDUCACAO - DOIS VIZINHOS                        ,DOIS VIZINHOS,41084780,"LINHA CONRADO, E E C-E F",Ativo
NUCLEO REG. EDUCACAO - DOIS VIZINHOS                        ,SALTO DO LONTRA,41089065,"MARIA MARGARIDA, C E IR-EM N P",Ativo
NUCLEO REG. EDUCACAO - DOIS VIZINHOS                        ,DOIS VIZINHOS,41084845,"MONTEIRO LOBATO, C E-EF ETI EM",Ativo
NUCLEO REG. EDUCACAO - DOIS VIZINHOS                        ,NOVA ESPERANCA DO SUDOESTE,41087348,"NOVA ESPERANCA, C E-EF M ETI PROFIS",Ativo
NUCLEO REG. EDUCACAO - DOIS VIZINHOS                        ,SAO JORGE DO OESTE,41090055,"NOVA SANT ANA, E E C-EF",Ativo
NUCLEO REG. EDUCACAO - DOIS VIZINHOS                        ,SAO JORGE DO OESTE,41090071,"PARANHOS, C E DR-EF ETI EM",Ativo
NUCLEO REG. EDUCACAO - DOIS VIZINHOS                        ,DOIS VIZINHOS,41387031,"PAULO FREIRE, E E-EF",Ativo
NUCLEO REG. EDUCACAO - DOIS VIZINHOS                        ,SALTO DO LONTRA,41089138,"PINHAL DA VARZEA, E E C DE-EF",Ativo
NUCLEO REG. EDUCACAO - DOIS VIZINHOS                        ,SAO JORGE DO OESTE,41090101,"PIO X, E E C-EF ETI",Ativo
NUCLEO REG. EDUCACAO - DOIS VIZINHOS                        ,NOVA ESPERANCA DO SUDOESTE,41087372,"RIO GAVIAO, E E C DO -EF",Ativo
NUCLEO REG. EDUCACAO - DOIS VIZINHOS                        ,DOIS VIZINHOS,41352777,"SAO FRANCISCO DO BANDEIRA, C E C-EF M",Ativo
NUCLEO REG. EDUCACAO - DOIS VIZINHOS                        ,SALTO DO LONTRA,41089219,"SEDE DA LUZ, E E C DE-EF",Ativo
NUCLEO REG. EDUCACAO - DOIS VIZINHOS                        ,DOIS VIZINHOS,41352785,"VINICIUS DE MORAES, C E- C-M-EF M",Ativo
NUCLEO REG. EDUCACAO - FOZ DO IGUACU                        ,RAMILANDIA,41078519,"ALBERTO SANTOS DUMONT, C E C-E F M P",Ativo
NUCLEO REG. EDUCACAO - FOZ DO IGUACU                        ,FOZ DO IGUACU,41075919,"ALMIRO SARTORI, C E-EF M PROFIS",Ativo
NUCLEO REG. EDUCACAO - FOZ DO IGUACU                        ,SANTA TEREZINHA DE ITAIPU,41372395,"ANGELO ANTONIO BENEDET, C E C-M-EF M P",Ativo
NUCLEO REG. EDUCACAO - FOZ DO IGUACU                        ,ITAIPULANDIA,41156951,"ARANDU RENDA, E E I-EI EF",Ativo
NUCLEO REG. EDUCACAO - FOZ DO IGUACU                        ,SANTA TEREZINHA DE ITAIPU,41078586,"ARCANGELO NANDI, C E C-M EFMP",Ativo
NUCLEO REG. EDUCACAO - FOZ DO IGUACU                        ,FOZ DO IGUACU,41075994,"ARNALDO BUSATTO, C E DR-EF M N PROFIS",Ativo
NUCLEO REG. EDUCACAO - FOZ DO IGUACU                        ,MEDIANEIRA,41077512,"ARTHUR DA C SILVA, C E C-M MAL-EF M P",Ativo
NUCLEO REG. EDUCACAO - FOZ DO IGUACU                        ,MISSAL,41078179,"AURELIO PILOTO, E E C-EF",Ativo
NUCLEO REG. EDUCACAO - FOZ DO IGUACU                        ,FOZ DO IGUACU,41076036,"AYRTON SENNA DA SILVA, C E-EF M N PROFIS",Ativo
NUCLEO REG. EDUCACAO - FOZ DO IGUACU                        ,MEDIANEIRA,41379004,"BELO HORIZONTE, C E-EF M PROFIS",Ativo
NUCLEO REG. EDUCACAO - FOZ DO IGUACU                        ,MISSAL,41078209,"CAETANO DE CONTO, E E C-EF",Ativo
NUCLEO REG. EDUCACAO - FOZ DO IGUACU                        ,FOZ DO IGUACU,41076354,"CARLOS DRUM DE ANDRADE, C E C-M-EF M P",Ativo
NUCLEO REG. EDUCACAO - FOZ DO IGUACU                        ,SANTA TEREZINHA DE ITAIPU,41078624,"CARLOS ZEWE COIMBRA, C E-EF M PROFIS",Ativo
NUCLEO REG. EDUCACAO - FOZ DO IGUACU                        ,FOZ DO IGUACU,41076125,"CARMELITA S DIAS, C E C-M PROFA-EF M P",Ativo
NUCLEO REG. EDUCACAO - FOZ DO IGUACU                        ,SAO MIGUEL DO IGUACU,41078900,"CASTELO BRANCO, C E C-EF M N PROFIS",Ativo
NUCLEO REG. EDUCACAO - FOZ DO IGUACU                        ,FOZ DO IGUACU,41076141,"CASTELO BRANCO, C E C-M PRES-EF M PROFIS",Ativo
NUCLEO REG. EDUCACAO - FOZ DO IGUACU                        ,FOZ DO IGUACU,41378580,"CATARATAS DO IGUACU, C E-EF M PROFIS",Ativo
NUCLEO REG. EDUCACAO - FOZ DO IGUACU                        ,FOZ DO IGUACU,41151585,CEEBJA HELENA KOLODY-EF M,Ativo
NUCLEO REG. EDUCACAO - FOZ DO IGUACU                        ,FOZ DO IGUACU,41357574,CEEBJA PROF ORIDES B GUERRA-EF M,Ativo
NUCLEO REG. EDUCACAO - FOZ DO IGUACU                        ,MEDIANEIRA,41167406,CENTRO EST EDUC PROFIS DE MEDIANEIRA,Ativo
NUCLEO REG. EDUCACAO - FOZ DO IGUACU                        ,FOZ DO IGUACU,41374045,CENTRO EST EDUC PROFIS MANOEL M PENA,Ativo
NUCLEO REG. EDUCACAO - FOZ DO IGUACU                        ,SAO MIGUEL DO IGUACU,41078942,"COELHO NETO, C E C-EF M",Ativo
NUCLEO REG. EDUCACAO - FOZ DO IGUACU                        ,FOZ DO IGUACU,41076265,"COSTA E SILVA, C E C-M PRES-EF M PROFIS",Ativo
NUCLEO REG. EDUCACAO - FOZ DO IGUACU                        ,ITAIPULANDIA,41076966,"COSTA E SILVA, C E-E F M PROFIS",Ativo
NUCLEO REG. EDUCACAO - FOZ DO IGUACU                        ,MISSAL,41527844,"EDUARDO MICHELIS, C E PE-EF M N PROFIS",Ativo
NUCLEO REG. EDUCACAO - FOZ DO IGUACU                        ,MATELANDIA,41077172,"EUCLIDES DA CUNHA, C E-E F M N PROFIS",Ativo
NUCLEO REG. EDUCACAO - FOZ DO IGUACU                        ,FOZ DO IGUACU,41076389,"FLAVIO WARKEN, C E PROF-EF M N PROFIS",Ativo
NUCLEO REG. EDUCACAO - FOZ DO IGUACU                        ,FOZ DO IGUACU,41076435,"GUILHERME, C E MONS-EF M ETI PROFIS",Ativo
NUCLEO REG. EDUCACAO - FOZ DO IGUACU                        ,FOZ DO IGUACU,41389328,"GUSTAVO D DA SILVA, C E-EF M PROFIS",Ativo
NUCLEO REG. EDUCACAO - FOZ DO IGUACU                        ,FOZ DO IGUACU,41378571,"IPE ROXO, C E C-M-EF M PROFIS",Ativo
NUCLEO REG. EDUCACAO - FOZ DO IGUACU                        ,MEDIANEIRA,41077733,"JOAO M MONDRONE, C E-EF M PROFIS N",Ativo
NUCLEO REG. EDUCACAO - FOZ DO IGUACU                        ,FOZ DO IGUACU,41076540,"JORGE SCHIMMELPFENG, C E-EF M P",Ativo
NUCLEO REG. EDUCACAO - FOZ DO IGUACU                        ,FOZ DO IGUACU,41076605,"JUSCELINO K DE OLIVEIRA, C E-EFMNP",Ativo
NUCLEO REG. EDUCACAO - FOZ DO IGUACU                        ,SERRANOPOLIS DO IGUACU,41077776,"KENNEDY, C E C C-M PRES-EF M",Ativo
NUCLEO REG. EDUCACAO - FOZ DO IGUACU                        ,SANTA TEREZINHA DE ITAIPU,41078721,"MANOEL KONNER, C E D-EF M N ETI PROFIS",Ativo
NUCLEO REG. EDUCACAO - FOZ DO IGUACU                        ,MEDIANEIRA,41389336,"MARALUCIA, C E C-EF M",Ativo
NUCLEO REG. EDUCACAO - FOZ DO IGUACU                        ,FOZ DO IGUACU,41076648,"MARIANO C PAGANOTO, C E PROF-EF M PROFIS",Ativo
NUCLEO REG. EDUCACAO - FOZ DO IGUACU                        ,MEDIANEIRA,41144333,"NAIRA FELLINI, C E C-M-EF M PROFIS",Ativo
NUCLEO REG. EDUCACAO - FOZ DO IGUACU                        ,SAO MIGUEL DO IGUACU,41079116,"NESTOR V DOS SANTOS, C E C-M-EF M PROFIS",Ativo
NUCLEO REG. EDUCACAO - FOZ DO IGUACU                        ,MEDIANEIRA,41077903,"OLAVO BILAC, C E-EF M_ETI",Ativo
NUCLEO REG. EDUCACAO - FOZ DO IGUACU                        ,FOZ DO IGUACU,41358686,"PAULO FREIRE, C E-EF M ETI PROFIS",Ativo
NUCLEO REG. EDUCACAO - FOZ DO IGUACU                        ,SERRANOPOLIS DO IGUACU,41077938,"PEDRO AMERICO, C E C-EF M_ETI",Ativo
NUCLEO REG. EDUCACAO - FOZ DO IGUACU                        ,SAO MIGUEL DO IGUACU,41079159,"PEDRO II, C E C D-EF ETI EM",Ativo
NUCLEO REG. EDUCACAO - FOZ DO IGUACU                        ,FOZ DO IGUACU,41076710,"PEDRO II, C E DOM-EF M PROFIS",Ativo
NUCLEO REG. EDUCACAO - FOZ DO IGUACU                        ,SAO MIGUEL DO IGUACU,41079167,"PEDRO V PARIGOT DE SOUZA, C E-EF M PROFI",Ativo
NUCLEO REG. EDUCACAO - FOZ DO IGUACU                        ,FOZ DO IGUACU,41146115,"PIONEIROS, C E-EF M_ETI",Ativo
NUCLEO REG. EDUCACAO - FOZ DO IGUACU                        ,FOZ DO IGUACU,41162048,"POL MILITAR DE FOZ DO IGUACU, C DA-EFMP",Ativo
NUCLEO REG. EDUCACAO - FOZ DO IGUACU                        ,FOZ DO IGUACU,41076770,"RIO BRANCO, C E BAR DO-EF M N PROF",Ativo
NUCLEO REG. EDUCACAO - FOZ DO IGUACU                        ,MATELANDIA,41077342,"RUI BARBOSA, C E C-EF M_ETI",Ativo
NUCLEO REG. EDUCACAO - FOZ DO IGUACU                        ,FOZ DO IGUACU,41148550,"SANTA RITA, E E C-M-EF",Ativo
NUCLEO REG. EDUCACAO - FOZ DO IGUACU                        ,SAO MIGUEL DO IGUACU,41079230,"SANTA ROSA DO OCOI, C E C-EF M",Ativo
NUCLEO REG. EDUCACAO - FOZ DO IGUACU                        ,MISSAL,41078462,"SANTOS DUMONT, E E C-EF",Ativo
NUCLEO REG. EDUCACAO - FOZ DO IGUACU                        ,MATELANDIA,41077377,"SAO JOAO B DE LA SALLE, C E C-EF M",Ativo
NUCLEO REG. EDUCACAO - FOZ DO IGUACU                        ,FOZ DO IGUACU,41378598,"SOL DE MAIO, C E C-M-EF M PROFIS",Ativo
NUCLEO REG. EDUCACAO - FOZ DO IGUACU                        ,FOZ DO IGUACU,41076850,"TAMANDARE, C E ALM-EF M PROFIS",Ativo
NUCLEO REG. EDUCACAO - FOZ DO IGUACU                        ,FOZ DO IGUACU,41076869,"TANCREDO DE A NEVES, C E C-M-EF M N P",Ativo
NUCLEO REG. EDUCACAO - FOZ DO IGUACU                        ,MEDIANEIRA,41078101,"TANCREDO NEVES, C E C-M-EF M PROFIS",Ativo
NUCLEO REG. EDUCACAO - FOZ DO IGUACU                        ,MISSAL,41078489,"TANCREDO NEVES, E E C-EF",Ativo
NUCLEO REG. EDUCACAO - FOZ DO IGUACU                        ,FOZ DO IGUACU,41076877,"TARQUINIO SANTOS, C E C-M-EF M PROFIS",Ativo
NUCLEO REG. EDUCACAO - FOZ DO IGUACU                        ,SAO MIGUEL DO IGUACU,41409825,"TEKO NEMOINGO, C E IND-EI EF M",Ativo
NUCLEO REG. EDUCACAO - FOZ DO IGUACU                        ,MISSAL,41078497,"TEOTONIO VILELLA, C E DO C-EF M PROFIS",Ativo
NUCLEO REG. EDUCACAO - FOZ DO IGUACU                        ,ITAIPULANDIA,41077067,"TIRADENTES, C E-EF ETI EM",Ativo
NUCLEO REG. EDUCACAO - FOZ DO IGUACU                        ,FOZ DO IGUACU,41076885,"TRES FRONTEIRAS, C E-EF M PROFIS",Ativo
NUCLEO REG. EDUCACAO - FOZ DO IGUACU                        ,FOZ DO IGUACU,41076893,"ULYSSES GUIMARAES, C E-EF M PROF",Ativo
NUCLEO REG. EDUCACAO - FRANCISCO BELTRAO                    ,AMPERE,41079523,"AGUA BOA VISTA, E E DO C DE-EF",Ativo
NUCLEO REG. EDUCACAO - FRANCISCO BELTRAO                    ,SALGADO FILHO,41088352,"ANCHIETA, C E PE-EF M",Ativo
NUCLEO REG. EDUCACAO - FRANCISCO BELTRAO                    ,BARRACAO,41083334,"ANCHIETA, E E C PE-EF",Ativo
NUCLEO REG. EDUCACAO - FRANCISCO BELTRAO                    ,CAPANEMA,41080068,"ANTONIO FRANCISCO LISBOA, E E C-EF",Ativo
NUCLEO REG. EDUCACAO - FRANCISCO BELTRAO                    ,SANTO ANTONIO DO SUDOESTE,41089251,"ANTONIO SCHIEBEL, C E-EF ETI EM N P",Ativo
NUCLEO REG. EDUCACAO - FRANCISCO BELTRAO                    ,AMPERE,41419839,"ANTONIO VIEIRA, E E C PE-EF",Ativo
NUCLEO REG. EDUCACAO - FRANCISCO BELTRAO                    ,SANTA IZABEL DO OESTE,41082796,"ANUNCIACAO, E E DO C-EF",Ativo
NUCLEO REG. EDUCACAO - FRANCISCO BELTRAO                    ,VERE,41090381,"ARNALDO BUSATO, C E-EF ETI EM N P",Ativo
NUCLEO REG. EDUCACAO - FRANCISCO BELTRAO                    ,FRANCISCO BELTRAO,41085710,"ARNALDO FAIVRO BUSATO, C E-EF M",Ativo
NUCLEO REG. EDUCACAO - FRANCISCO BELTRAO                    ,FRANCISCO BELTRAO,41144058,"BEATRIZ BIAVATTI, C E C-M-EF M",Ativo
NUCLEO REG. EDUCACAO - FRANCISCO BELTRAO                    ,MARMELEIRO,41086775,"BOM JESUS, C E C-EF M",Ativo
NUCLEO REG. EDUCACAO - FRANCISCO BELTRAO                    ,BOM JESUS DO SUL,41083385,"BOM JESUS, C E-EF ETI EM",Ativo
NUCLEO REG. EDUCACAO - FRANCISCO BELTRAO                    ,AMPERE,41079590,"CANDIDO PORTINARI, C E C-M-EF M",Ativo
NUCLEO REG. EDUCACAO - FRANCISCO BELTRAO                    ,FRANCISCO BELTRAO,41085779,"CANGO, E E DA-EF",Ativo
NUCLEO REG. EDUCACAO - FRANCISCO BELTRAO                    ,REALEZA,41082249,"CARLOS EDUARDO, C E C-M D-EF M",Ativo
NUCLEO REG. EDUCACAO - FRANCISCO BELTRAO                    ,PEROLA DO OESTE,41080777,"CASTELO BRANCO, C E C -EF ETI EM",Ativo
NUCLEO REG. EDUCACAO - FRANCISCO BELTRAO                    ,CAPANEMA,41080149,"CASTELO BRANCO, E E DO C-EF",Ativo
NUCLEO REG. EDUCACAO - FRANCISCO BELTRAO                    ,ENEAS MARQUES,41085140,"CASTRO ALVES, C E-EF M",Ativo
NUCLEO REG. EDUCACAO - FRANCISCO BELTRAO                    ,PLANALTO,41081250,"CAXIAS, E E C DQ DE -EF",Ativo
NUCLEO REG. EDUCACAO - FRANCISCO BELTRAO                    ,AMPERE,41079612,"CECILIA MEIRELES, C E-EF M PROFIS",Ativo
NUCLEO REG. EDUCACAO - FRANCISCO BELTRAO                    ,FRANCISCO BELTRAO,41357477,CEEBJA DE FRANCISCO BELTRAO - EF M,Ativo
NUCLEO REG. EDUCACAO - FRANCISCO BELTRAO                    ,FRANCISCO BELTRAO,41151380,CEEBJA NOVOS HORIZONTES-EF M,Ativo
NUCLEO REG. EDUCACAO - FRANCISCO BELTRAO                    ,SANTO ANTONIO DO SUDOESTE,41357612,CEEBJA SANTO ANTONIO DO SUDOESTE-EF M,Ativo
NUCLEO REG. EDUCACAO - FRANCISCO BELTRAO                    ,FRANCISCO BELTRAO,41374053,CENTRO EST ED PROFIS DO SUDOESTE DO PR,Ativo
NUCLEO REG. EDUCACAO - FRANCISCO BELTRAO                    ,CAPANEMA,41080190,"CIRILO, C E PE-EF ETI EM PROFIS",Ativo
NUCLEO REG. EDUCACAO - FRANCISCO BELTRAO                    ,FRANCISCO BELTRAO,41085868,"CRISTO REI, C E-EF M ETI",Ativo
NUCLEO REG. EDUCACAO - FRANCISCO BELTRAO                    ,VERE,41090454,"DEODORO DA FONSECA, E E DO C MAL -EF",Ativo
NUCLEO REG. EDUCACAO - FRANCISCO BELTRAO                    ,REALEZA,41082290,"DOZE DE NOVEMBRO, C E-EF M N PROFIS",Ativo
NUCLEO REG. EDUCACAO - FRANCISCO BELTRAO                    ,FRANCISCO BELTRAO,41085906,"EDUARDO VIRMOND SUPLICY, C E DR-EF M P",Ativo
NUCLEO REG. EDUCACAO - FRANCISCO BELTRAO                    ,PEROLA DO OESTE,41080807,"ESQUINA GAUCHA, E E C DE - EF",Ativo
NUCLEO REG. EDUCACAO - FRANCISCO BELTRAO                    ,VERE,41090462,"FEIJO, E E DO C REGENTE-EF",Ativo
NUCLEO REG. EDUCACAO - FRANCISCO BELTRAO                    ,REALEZA,41082320,"FLOR DA SERRA, C E C DE-EF M",Ativo
NUCLEO REG. EDUCACAO - FRANCISCO BELTRAO                    ,SANTA IZABEL DO OESTE,41082990,"GUILHERME DE ALMEIDA, C E-EM ETI N P",Ativo
NUCLEO REG. EDUCACAO - FRANCISCO BELTRAO                    ,SANTO ANTONIO DO SUDOESTE,41089456,"HERVAL, E E C MARQUES DO-EF",Ativo
NUCLEO REG. EDUCACAO - FRANCISCO BELTRAO                    ,SANTO ANTONIO DO SUDOESTE,41089464,"HUMBERTO DE CAMPOS, C E-EF M PROFIS",Ativo
NUCLEO REG. EDUCACAO - FRANCISCO BELTRAO                    ,FRANCISCO BELTRAO,41086031,"INDUSTRIAL, C E-EF M ETI",Ativo
NUCLEO REG. EDUCACAO - FRANCISCO BELTRAO                    ,REALEZA,41082389,"JOAO PAULO II, C E-EF ETI EM",Ativo
NUCLEO REG. EDUCACAO - FRANCISCO BELTRAO                    ,FRANCISCO BELTRAO,41389344,"JOAO PAULO II, C E-EF M",Ativo
NUCLEO REG. EDUCACAO - FRANCISCO BELTRAO                    ,PLANALTO,41081340,"JOAO ZACCO PARANA, C E C-M-EF M",Ativo
NUCLEO REG. EDUCACAO - FRANCISCO BELTRAO                    ,PLANALTO,41081366,"JOSE DE ANCHIETA, C E-EF ETI EM P",Ativo
NUCLEO REG. EDUCACAO - FRANCISCO BELTRAO                    ,PRANCHITA,41081943,"JULIO GIONGO, C E-EF M N PROFIS",Ativo
NUCLEO REG. EDUCACAO - FRANCISCO BELTRAO                    ,FRANCISCO BELTRAO,41360230,"LEO FLACH, C E PROF-EF ETI EM P",Ativo
NUCLEO REG. EDUCACAO - FRANCISCO BELTRAO                    ,BARRACAO,41083652,"LEONOR CASTELLANO, C E PROFA-EFM",Ativo
NUCLEO REG. EDUCACAO - FRANCISCO BELTRAO                    ,SANTO ANTONIO DO SUDOESTE,41089545,"MANOEL RIBAS, C E C-M INTERVENTOR-EF M",Ativo
NUCLEO REG. EDUCACAO - FRANCISCO BELTRAO                    ,SANTA IZABEL DO OESTE,41083105,"MARICA, E E MARQUES DE-EF ETI",Ativo
NUCLEO REG. EDUCACAO - FRANCISCO BELTRAO                    ,BARRACAO,41083725,"MARIO A T DE FREITAS, C E DR-EF M PROFIS",Ativo
NUCLEO REG. EDUCACAO - FRANCISCO BELTRAO                    ,FRANCISCO BELTRAO,41086201,"MARIO DE ANDRADE, C E-EF M N PROF",Ativo
NUCLEO REG. EDUCACAO - FRANCISCO BELTRAO                    ,MARMELEIRO,41086945,"MARMELEIRO, C E DE-EF M",Ativo
NUCLEO REG. EDUCACAO - FRANCISCO BELTRAO                    ,PLANALTO,41081463,"MIGUEL, E E C IR-EF",Ativo
NUCLEO REG. EDUCACAO - FRANCISCO BELTRAO                    ,AMPERE,41352564,"NEREU PERONDI, C E-EF ETI EM N",Ativo
NUCLEO REG. EDUCACAO - FRANCISCO BELTRAO                    ,AMPERE,41079728,"NOSSA SRA APARECIDA, E E C-EF",Ativo
NUCLEO REG. EDUCACAO - FRANCISCO BELTRAO                    ,SANTA IZABEL DO OESTE,41083156,"NOVA ESTRELA, E E DO C-EF",Ativo
NUCLEO REG. EDUCACAO - FRANCISCO BELTRAO                    ,SANTO ANTONIO DO SUDOESTE,41089626,"NOVA RIQUEZA, E E DO C-EF",Ativo
NUCLEO REG. EDUCACAO - FRANCISCO BELTRAO                    ,FRANCISCO BELTRAO,41386027,"PAULO FREIRE, C E DO C-EF M",Ativo
NUCLEO REG. EDUCACAO - FRANCISCO BELTRAO                    ,SANTO ANTONIO DO SUDOESTE,41089693,"PEDRO II, E E C D-EF",Ativo
NUCLEO REG. EDUCACAO - FRANCISCO BELTRAO                    ,ENEAS MARQUES,41085272,"PINHALZINHO, E E C DE-EF ETI",Ativo
NUCLEO REG. EDUCACAO - FRANCISCO BELTRAO                    ,CAPANEMA,41080475,"PINHEIRO, C E C DE -EF M",Ativo
NUCLEO REG. EDUCACAO - FRANCISCO BELTRAO                    ,FRANCISCO BELTRAO,41086449,"REINALDO SASS, C E-EF M PROF",Ativo
NUCLEO REG. EDUCACAO - FRANCISCO BELTRAO                    ,RENASCENCA,41088280,"RENASCENCA PE J J VICENTE, C E DE-EF M P",Ativo
NUCLEO REG. EDUCACAO - FRANCISCO BELTRAO                    ,PEROLA DO OESTE,41080971,"REUS, C E PE-EF ETI EM",Ativo
NUCLEO REG. EDUCACAO - FRANCISCO BELTRAO                    ,FLOR DA SERRA DO SUL,41085515,"RIO BRANCO, C E BAR DO-EF M",Ativo
NUCLEO REG. EDUCACAO - FRANCISCO BELTRAO                    ,PRANCHITA,41082079,"RIO BRANCO, E E C BAR-EF",Ativo
NUCLEO REG. EDUCACAO - FRANCISCO BELTRAO                    ,CAPANEMA,41080530,"ROCHA POMBO, C E-EF ETI EM N",Ativo
NUCLEO REG. EDUCACAO - FRANCISCO BELTRAO                    ,SANTO ANTONIO DO SUDOESTE,41089707,"RODOLFO G DA SILVA, E E DO C-EF",Ativo
NUCLEO REG. EDUCACAO - FRANCISCO BELTRAO                    ,MANFRINOPOLIS,41088697,"RUI BARBOSA, E E C - EF",Ativo
NUCLEO REG. EDUCACAO - FRANCISCO BELTRAO                    ,CAPANEMA,41080556,"RUI BARBOSA, E E DO C-EF",Ativo
NUCLEO REG. EDUCACAO - FRANCISCO BELTRAO                    ,SANTO ANTONIO DO SUDOESTE,41089723,"RUI BARBOSA, E E DO C-EF",Ativo
NUCLEO REG. EDUCACAO - FRANCISCO BELTRAO                    ,PLANALTO,41081560,"SAGRADA FAMILIA, E E C -EF",Ativo
NUCLEO REG. EDUCACAO - FRANCISCO BELTRAO                    ,REALEZA,41082630,"SALTINHO, E E C DE -EF",Ativo
NUCLEO REG. EDUCACAO - FRANCISCO BELTRAO                    ,CAPANEMA,41080564,"SANTA CRUZ, C E-EF M ETI",Ativo
NUCLEO REG. EDUCACAO - FRANCISCO BELTRAO                    ,BARRACAO,41083938,"SANTA EMILIA, E E DO C-EF",Ativo
NUCLEO REG. EDUCACAO - FRANCISCO BELTRAO                    ,BELA VISTA DA CAROBA,41081013,"SANTO ANTAO, C E-E F M N ETI",Ativo
NUCLEO REG. EDUCACAO - FRANCISCO BELTRAO                    ,MANFRINOPOLIS,41088786,"SAO CRISTOVAO, C E-EF ETI EM",Ativo
NUCLEO REG. EDUCACAO - FRANCISCO BELTRAO                    ,CAPANEMA,41080610,"SAO CRISTOVAO, C E-EF M PROFIS",Ativo
NUCLEO REG. EDUCACAO - FRANCISCO BELTRAO                    ,SANTA IZABEL DO OESTE,41083253,"SAO JUDAS TADEU, E E C - EF",Ativo
NUCLEO REG. EDUCACAO - FRANCISCO BELTRAO                    ,BARRACAO,41084012,"SAO ROQUE, E E C-EF",Ativo
NUCLEO REG. EDUCACAO - FRANCISCO BELTRAO                    ,PLANALTO,41081730,"SAO VALERIO, E E C-EF",Ativo
NUCLEO REG. EDUCACAO - FRANCISCO BELTRAO                    ,FRANCISCO BELTRAO,41086651,"TANCREDO NEVES, C E-EF M PROF",Ativo
NUCLEO REG. EDUCACAO - FRANCISCO BELTRAO                    ,VERE,41090721,"TANCREDO NEVES, E E C-EF",Ativo
NUCLEO REG. EDUCACAO - FRANCISCO BELTRAO                    ,FLOR DA SERRA DO SUL,41085604,"TATETOS, E E DO C DE - E F",Ativo
NUCLEO REG. EDUCACAO - FRANCISCO BELTRAO                    ,SANTO ANTONIO DO SUDOESTE,41089529,"TATIANE CORBARI PICCININI, E E C-EF",Ativo
NUCLEO REG. EDUCACAO - FRANCISCO BELTRAO                    ,MARMELEIRO,41087151,"TELMO OCTAVIO MULLER, C E-EF ETI N",Ativo
NUCLEO REG. EDUCACAO - FRANCISCO BELTRAO                    ,PINHAL DE SAO BENTO,41087992,"VARGAS, C E PRES-EF ETI EM",Ativo
NUCLEO REG. EDUCACAO - FRANCISCO BELTRAO                    ,FRANCISCO BELTRAO,41086600,"VICENTE DE CARLI, C E C-M PROF-EF M",Ativo
NUCLEO REG. EDUCACAO - FRANCISCO BELTRAO                    ,ENEAS MARQUES,41085345,"VISTA ALEGRE, C E C DE-EF M",Ativo
NUCLEO REG. EDUCACAO - FRANCISCO BELTRAO                    ,PRANCHITA,41082184,"VISTA GAUCHA, E E C DE - EF",Ativo
NUCLEO REG. EDUCACAO - FRANCISCO BELTRAO                    ,BOM JESUS DO SUL,41084128,"XV DE NOVEMBRO, E E C-EF",Ativo
NUCLEO REG. EDUCACAO - GOIOERE                              ,GOIOERE,41012062,"ANTONIO L BRAGA, C E-EF M PROFIS",Ativo
NUCLEO REG. EDUCACAO - GOIOERE                              ,QUARTO CENTENARIO,41012070,"BANDEIRANTES D OESTE, C E C-EF M",Ativo
NUCLEO REG. EDUCACAO - GOIOERE                              ,MARILUZ,41006798,"BOSCO, E E D-EF ETI",Ativo
NUCLEO REG. EDUCACAO - GOIOERE                              ,UBIRATA,41014197,"CARLOS GOMES, C E-EF M P",Ativo
NUCLEO REG. EDUCACAO - GOIOERE                              ,GOIOERE,41012143,"CAXIAS, C E DQ DE-EF EM N PROFIS",Ativo
NUCLEO REG. EDUCACAO - GOIOERE                              ,UBIRATA,41145623,"CECILIA MEIRELES, C E-EF M",Ativo
NUCLEO REG. EDUCACAO - GOIOERE                              ,GOIOERE,41167180,CENT EST ED PROFIS AGRIC GOIOERE,Ativo
NUCLEO REG. EDUCACAO - GOIOERE                              ,QUARTO CENTENARIO,41012321,"IV CENTENARIO, C E-EF M",Ativo
NUCLEO REG. EDUCACAO - GOIOERE                              ,GOIOERE,41147553,"JARACATIA, E E DE-EF",Ativo
NUCLEO REG. EDUCACAO - GOIOERE                              ,GOIOERE,41012372,"JARDIM UNIVERSITARIO, E E-EF",Ativo
NUCLEO REG. EDUCACAO - GOIOERE                              ,JURANDA,41013239,"JOAO MAFFEI ROSA, C E-EF M ETI PROFIS",Ativo
NUCLEO REG. EDUCACAO - GOIOERE                              ,MOREIRA SALES,41013549,"JOAO THEOTONIO NETTO, C E-EF M N P",Ativo
NUCLEO REG. EDUCACAO - GOIOERE                              ,JANIOPOLIS,41012925,"JOAO XXIII, C E-EM ETI PROFIS",Ativo
NUCLEO REG. EDUCACAO - GOIOERE                              ,UBIRATA,41145615,"JORGE SCHOLL, C E PE-EF ETI EM",Ativo
NUCLEO REG. EDUCACAO - GOIOERE                              ,MARILUZ,41006836,"JOSE A DE ALMEIDA, C E-EF M N PROFIS",Ativo
NUCLEO REG. EDUCACAO - GOIOERE                              ,JURANDA,41013247,"LEOPOLDINA, C E C DONA-EF M",Ativo
NUCLEO REG. EDUCACAO - GOIOERE                              ,GOIOERE,41144066,"MARIA A SCARPARI, C E E B J A-EF M",Ativo
NUCLEO REG. EDUCACAO - GOIOERE                              ,MOREIRA SALES,41013565,"MARIA CANDIDA DE JESUS, C E C-EF M",Ativo
NUCLEO REG. EDUCACAO - GOIOERE                              ,UBIRATA,41014618,"MARIA GOMES BIZERRA, C E C PROFA-EF M",Ativo
NUCLEO REG. EDUCACAO - GOIOERE                              ,MOREIRA SALES,41013573,"MOREIRA SALLES, E E-EF ETI",Ativo
NUCLEO REG. EDUCACAO - GOIOERE                              ,UBIRATA,41014375,"OLAVO BILAC, C E C-M-EF M",Ativo
NUCLEO REG. EDUCACAO - GOIOERE                              ,BOA ESPERANCA,41011511,"PALMITAL, C E C -EF M",Ativo
NUCLEO REG. EDUCACAO - GOIOERE                              ,JANIOPOLIS,41013026,"PEDRO II, E E D-EF ETI",Ativo
NUCLEO REG. EDUCACAO - GOIOERE                              ,GOIOERE,41012585,"POLIVALENTE DE GOIOERE, C E-EF ETI EM P",Ativo
NUCLEO REG. EDUCACAO - GOIOERE                              ,UBIRATA,41014405,"QUINTINO BOCAIUVA, C E-EF ETI EM",Ativo
NUCLEO REG. EDUCACAO - GOIOERE                              ,RANCHO ALEGRE DO OESTE,41014154,"RANCHO ALEGRE, C E-EF ETI EM",Ativo
NUCLEO REG. EDUCACAO - GOIOERE                              ,GOIOERE,41012631,"RIBEIRO DE CAMPOS, E E C-M-EF",Ativo
NUCLEO REG. EDUCACAO - GOIOERE                              ,JURANDA,41013352,"RIO VERDE, E E C-EF",Ativo
NUCLEO REG. EDUCACAO - GOIOERE                              ,UBIRATA,41014510,"SAO JOAO, E E C-EF",Ativo
NUCLEO REG. EDUCACAO - GOIOERE                              ,BOA ESPERANCA,41011546,"VICENTE LEPORACE, C E-EF M",Ativo
NUCLEO REG. EDUCACAO - GOIOERE                              ,GOIOERE,41012747,"VILA GUAIRA, C E C-M-EF M",Ativo
NUCLEO REG. EDUCACAO - GOIOERE                              ,JANIOPOLIS,41013131,"VILA SERRANA, E E C-EF",Ativo
NUCLEO REG. EDUCACAO - GUARAPUAVA                           ,GUARAPUAVA,41598040,"ALBA KEINERT, C E PROFA-EF M",Ativo
NUCLEO REG. EDUCACAO - GUARAPUAVA                           ,GUARAPUAVA,41099508,"AMARILIO, C E PROF-EF M",Ativo
NUCLEO REG. EDUCACAO - GUARAPUAVA                           ,GUARAPUAVA,41099532,"ANA VANDA BASSARA, C E-EF M PROF",Ativo
NUCLEO REG. EDUCACAO - GUARAPUAVA                           ,CANDOI,41384580,"ANASTACIA KRUK, C E C-EF M",Ativo
NUCLEO REG. EDUCACAO - GUARAPUAVA                           ,RESERVA DO IGUACU,41382102,"ANTONIA A ANTONICHEN, C E DO C-EF M",Ativo
NUCLEO REG. EDUCACAO - GUARAPUAVA                           ,GUARAPUAVA,41099591,"ANTONIO TUPY PINHEIRO, C E-EF M PROFIS",Ativo
NUCLEO REG. EDUCACAO - GUARAPUAVA                           ,TURVO,41532139,"ARANDU PYAHU, E E I-EI EF",Ativo
NUCLEO REG. EDUCACAO - GUARAPUAVA                           ,GUARAPUAVA,41387040,"BENEDITO DE PAULA LOURO, C E C-EF M",Ativo
NUCLEO REG. EDUCACAO - GUARAPUAVA                           ,PINHAO,41103831,"BENTO MUNHOZ R NETTO, C E C -EFM",Ativo
NUCLEO REG. EDUCACAO - GUARAPUAVA                           ,GUARAPUAVA,41144244,"BIBIANA BITENCOURT, C E-EF M",Ativo
NUCLEO REG. EDUCACAO - GUARAPUAVA                           ,CANDOI,41097920,"CACHOEIRA, C E C DE-EF M",Ativo
NUCLEO REG. EDUCACAO - GUARAPUAVA                           ,CANDOI,41598024,CEEBJA CANDOI-EF M,Ativo
NUCLEO REG. EDUCACAO - GUARAPUAVA                           ,PINHAO,41145879,CEEBJA DE PINHAO-EF M,Ativo
NUCLEO REG. EDUCACAO - GUARAPUAVA                           ,GUARAPUAVA,41144180,CEEBJA GUARAPUAVA-EF M,Ativo
NUCLEO REG. EDUCACAO - GUARAPUAVA                           ,GUARAPUAVA,41598032,CEEBJA NOVA VISAO-EF M,Ativo
NUCLEO REG. EDUCACAO - GUARAPUAVA                           ,GUARAPUAVA,41374061,CENTRO EST EDUC PROFIS ARLINDO RIBEIRO,Ativo
NUCLEO REG. EDUCACAO - GUARAPUAVA                           ,GUARAPUAVA,41099940,"CESAR STANGE, C E-EF M",Ativo
NUCLEO REG. EDUCACAO - GUARAPUAVA                           ,GUARAPUAVA,41099958,"CHAGAS, C E PE-EF M",Ativo
NUCLEO REG. EDUCACAO - GUARAPUAVA                           ,PINHAO,41379705,"CORNELIO P RIBEIRO, C E C-EF M",Ativo
NUCLEO REG. EDUCACAO - GUARAPUAVA                           ,GUARAPUAVA,41100042,"CRISTO REI, C E-EF M PROFIS",Ativo
NUCLEO REG. EDUCACAO - GUARAPUAVA                           ,GUARAPUAVA,41100166,"DULCE MASCHIO, C E PROFA-EF M PROFIS",Ativo
NUCLEO REG. EDUCACAO - GUARAPUAVA                           ,TURVO,41106628,"EDITE C MARQUES, C E C-M-EF M",Ativo
NUCLEO REG. EDUCACAO - GUARAPUAVA                           ,TURVO,41152719,"EDVALDO E MARIA CARN, CE PROF-EFM ETI P",Ativo
NUCLEO REG. EDUCACAO - GUARAPUAVA                           ,TURVO,41106644,"FAXINAL DA BOA VISTA, C E DO C-EF M",Ativo
NUCLEO REG. EDUCACAO - GUARAPUAVA                           ,GUARAPUAVA,41100379,"FRANCISCO C MARTINS, C E-M P",Ativo
NUCLEO REG. EDUCACAO - GUARAPUAVA                           ,GUARAPUAVA,41100476,"GUARAPUAVA, C E VISC DE-EF M N PROFIS",Ativo
NUCLEO REG. EDUCACAO - GUARAPUAVA                           ,GUARAPUAVA,41100484,"HEITOR ROCHA KRAMER, C E C-M VER-EF M",Ativo
NUCLEO REG. EDUCACAO - GUARAPUAVA                           ,GUARAPUAVA,41152760,"HONORINO JOAO MURARO, C E PE-EF M",Ativo
NUCLEO REG. EDUCACAO - GUARAPUAVA                           ,RESERVA DO IGUACU,41104234,"IZABEL F SIQUEIRA, C E PROFA-EF M",Ativo
NUCLEO REG. EDUCACAO - GUARAPUAVA                           ,PINHAO,41388755,"IZALTINO R BASTOS, C E C PROF-E F M",Ativo
NUCLEO REG. EDUCACAO - GUARAPUAVA                           ,TURVO,41367545,"JOANNA LECHIW THOME, E E C-EF",Ativo
NUCLEO REG. EDUCACAO - GUARAPUAVA                           ,GOIOXIM,41098838,"JOAO F NEVES, C E DR-EF M ETI",Ativo
NUCLEO REG. EDUCACAO - GUARAPUAVA                           ,PINHAO,41104358,"JULIO MOREIRA, C E C PROF-EF M ETI",Ativo
NUCLEO REG. EDUCACAO - GUARAPUAVA                           ,CANDOI,41352750,"LAGOA SECA, C E C DE-EF M ETI",Ativo
NUCLEO REG. EDUCACAO - GUARAPUAVA                           ,GUARAPUAVA,41100689,"LENI MARLENE JACOB, C E C-M PROFA-EF M P",Ativo
NUCLEO REG. EDUCACAO - GUARAPUAVA                           ,GUARAPUAVA,41100719,"LIANE MARTA DA COSTA, C E-EF M",Ativo
NUCLEO REG. EDUCACAO - GUARAPUAVA                           ,TURVO,41388763,"LUIZ ANDRADE, C E C PROF-EF M",Ativo
NUCLEO REG. EDUCACAO - GUARAPUAVA                           ,GUARAPUAVA,41100778,"MAHATMA GANDHI, C E C-M-EF M PROFIS",Ativo
NUCLEO REG. EDUCACAO - GUARAPUAVA                           ,GUARAPUAVA,41100816,"MANOEL RIBAS, C E C-M-EF M",Ativo
NUCLEO REG. EDUCACAO - GUARAPUAVA                           ,GUARAPUAVA,41144201,"MARIA J P GUIMARAES, CEC-M PROF -EFM ETI",Ativo
NUCLEO REG. EDUCACAO - GUARAPUAVA                           ,PINHAO,41104439,"MARIO EVALDO MORSKI, C E PROF-EF M N P",Ativo
NUCLEO REG. EDUCACAO - GUARAPUAVA                           ,RESERVA DO IGUACU,41104447,"MICHEL G P A REYDAMS, C E C-M ENG-EF M",Ativo
NUCLEO REG. EDUCACAO - GUARAPUAVA                           ,GUARAPUAVA,41372751,"MOACYR JULIO SILVESTRI, E E-EF",Ativo
NUCLEO REG. EDUCACAO - GUARAPUAVA                           ,GUARAPUAVA,41100905,"NEWTON FELIPE ALBACH, C E-EF M",Ativo
NUCLEO REG. EDUCACAO - GUARAPUAVA                           ,TURVO,41106792,"OTAVIO DOS SANTOS, C E IND CAC-EI EF M",Ativo
NUCLEO REG. EDUCACAO - GUARAPUAVA                           ,GUARAPUAVA,41101006,"PALMEIRINHA, C E C C-M DE-EFMP",Ativo
NUCLEO REG. EDUCACAO - GUARAPUAVA                           ,CANDOI,41098110,"PAZ, C E C DE-EF M",Ativo
NUCLEO REG. EDUCACAO - GUARAPUAVA                           ,GUARAPUAVA,41144228,"PEDRO CARLI, C E PROF-EF M ETI",Ativo
NUCLEO REG. EDUCACAO - GUARAPUAVA                           ,GUARAPUAVA,41101057,"PEDRO I, C E C D-EF M PROFIS",Ativo
NUCLEO REG. EDUCACAO - GUARAPUAVA                           ,GOIOXIM,41099192,"PINHALZINHO, C E C DE-EF M",Ativo
NUCLEO REG. EDUCACAO - GUARAPUAVA                           ,PINHAO,41104730,"PROCOPIO F CALDAS, C E-EF M ETI",Ativo
NUCLEO REG. EDUCACAO - GUARAPUAVA                           ,GUARAPUAVA,41101197,"RUBEM F DA ROCHA, E E DR-EF",Ativo
NUCLEO REG. EDUCACAO - GUARAPUAVA                           ,GUARAPUAVA,41101200,"RUI BARBOSA, C E-EF M ETI",Ativo
NUCLEO REG. EDUCACAO - GUARAPUAVA                           ,CANDOI,41098153,"SANTA CLARA, C E-EF M N PROFIS",Ativo
NUCLEO REG. EDUCACAO - GUARAPUAVA                           ,PINHAO,41104897,"SANTO ANTONIO, C E C-M-EF M",Ativo
NUCLEO REG. EDUCACAO - GUARAPUAVA                           ,PINHAO,41104978,"SAO JOSE, C E C-EF M",Ativo
NUCLEO REG. EDUCACAO - GUARAPUAVA                           ,PINHAO,41150872,"SEBASTIANA S CALDAS, C E C PROFA-EF M",Ativo
NUCLEO REG. EDUCACAO - GUARAPUAVA                           ,FOZ DO JORDAO,41098200,"SEGREDO, C E DE-E F M ETI",Ativo
NUCLEO REG. EDUCACAO - GUARAPUAVA                           ,CAMPINA DO SIMAO,41101367,"TEOTONIO VILELA, C E-EF ETI EM",Ativo
NUCLEO REG. EDUCACAO - IBAITI                               ,IBAITI,41389719,"AFFONSO M ALBALADEJO, C E C-EF M",Ativo
NUCLEO REG. EDUCACAO - IBAITI                               ,IBAITI,41049500,"ALDO DALLAGO, C E-EF M ETI N",Ativo
NUCLEO REG. EDUCACAO - IBAITI                               ,FIGUEIRA,41049322,"ALVINA PRESTES, C E PROF-EF M ETI N",Ativo
NUCLEO REG. EDUCACAO - IBAITI                               ,FIGUEIRA,41049330,"ANITA A PACHECO, C E-E F M ETI",Ativo
NUCLEO REG. EDUCACAO - IBAITI                               ,TOMAZINA,41052765,"ANTONIO B DO NASCIMENTO, C E C-EF M",Ativo
NUCLEO REG. EDUCACAO - IBAITI                               ,IBAITI,41049543,"ANTONIO M MELLO, C E-EF ETI EM",Ativo
NUCLEO REG. EDUCACAO - IBAITI                               ,IBAITI,41049578,"CAETANO MUNHOZ DA ROCHA, C E C-EF M",Ativo
NUCLEO REG. EDUCACAO - IBAITI                               ,TOMAZINA,41052838,"CAPELA SAO JOAO, E E C-EF",Ativo
NUCLEO REG. EDUCACAO - IBAITI                               ,TOMAZINA,41052846,"CARLOS GOMES, C E-EM ETI",Ativo
NUCLEO REG. EDUCACAO - IBAITI                               ,PINHALAO,41050363,"CASTRO ALVES, E E-EF",Ativo
NUCLEO REG. EDUCACAO - IBAITI                               ,IBAITI,41155041,CENTRO EST EDUC PROFIS SEIJI HATTANDA,Ativo
NUCLEO REG. EDUCACAO - IBAITI                               ,GUAPIRAMA,41051114,"DAVID CARNEIRO, C E-EF M",Ativo
NUCLEO REG. EDUCACAO - IBAITI                               ,CONSELHEIRO MAIRINCK,41048938,"FRANCISCO A ALMEIDA, C E-EM",Ativo
NUCLEO REG. EDUCACAO - IBAITI                               ,TOMAZINA,41052897,"FRANCISCO I OLIVEIRA, E E-EF ETI",Ativo
NUCLEO REG. EDUCACAO - IBAITI                               ,TOMAZINA,41052757,"HUMBERTO F DE FRANCA, E E C PROF-EF",Ativo
NUCLEO REG. EDUCACAO - IBAITI                               ,SIQUEIRA CAMPOS,41052544,"JOAQUIM M DE SOUZA, C E C-EF M",Ativo
NUCLEO REG. EDUCACAO - IBAITI                               ,JAPIRA,41050274,"JOAQUIM P OLIVEIRA, C E CEL-EF M ETI",Ativo
NUCLEO REG. EDUCACAO - IBAITI                               ,JABOTI,41050134,"JULIA WANDERLEY, C E-EF ETI EM PROFIS",Ativo
NUCLEO REG. EDUCACAO - IBAITI                               ,IBAITI,41049764,"JULIO FARAH, C E C-M-EF M",Ativo
NUCLEO REG. EDUCACAO - IBAITI                               ,FIGUEIRA,41049403,"LEAO SCHULMANN, C E-EF M",Ativo
NUCLEO REG. EDUCACAO - IBAITI                               ,PINHALAO,41050410,"LEONARDO F NOGUEIRA, C E-E M N",Ativo
NUCLEO REG. EDUCACAO - IBAITI                               ,CONSELHEIRO MAIRINCK,41048946,"MACARIA, E E DONA-EF",Ativo
NUCLEO REG. EDUCACAO - IBAITI                               ,TOMAZINA,41052994,"MANOEL S GONCALVES, E E C-EF",Ativo
NUCLEO REG. EDUCACAO - IBAITI                               ,IBAITI,41359402,"MARGARIDA F GONCALVES,CEC PROFA-EFM ETI",Ativo
NUCLEO REG. EDUCACAO - IBAITI                               ,SIQUEIRA CAMPOS,41052609,"MARIA AP C SALCEDO, C E PR-EF M PROFIS",Ativo
NUCLEO REG. EDUCACAO - IBAITI                               ,IBAITI,41049829,"NAPOLEAO DA SILVA REIS, C E C-EF M",Ativo
NUCLEO REG. EDUCACAO - IBAITI                               ,IBAITI,41389727,"RAQUEL S MARQUES, E E C PROFA-EF",Ativo
NUCLEO REG. EDUCACAO - IBAITI                               ,PINHALAO,41050428,"RODOLFO I PEREIRA, C E C-EF M",Ativo
NUCLEO REG. EDUCACAO - IBAITI                               ,SIQUEIRA CAMPOS,41052633,"SAGRADA FAMILIA, C E -E F M PROFIS",Ativo
NUCLEO REG. EDUCACAO - IBAITI                               ,SIQUEIRA CAMPOS,41052684,"SEGISMUNDO A NETTO, C E C-M PROF-EF M N",Ativo
NUCLEO REG. EDUCACAO - IBAITI                               ,TOMAZINA,41053095,"YVY PORA, C E IND-EI EF M",Ativo
NUCLEO REG. EDUCACAO - IRATI                                ,MALLET,41113845,"ADAO SOBOCINSKI, C E C-EF ETI EM",Ativo
NUCLEO REG. EDUCACAO - IRATI                                ,RIO AZUL,41114655,"AFONSO A DE CAMARGO, C E C-M DR-EF M P",Ativo
NUCLEO REG. EDUCACAO - IRATI                                ,PRUDENTOPOLIS,41110960,"ALBERTO DE CARVALHO, C E-EF M PROFIS",Ativo
NUCLEO REG. EDUCACAO - IRATI                                ,FERNANDES PINHEIRO,41112555,"ANGAI, C E C DE-EF M",Ativo
NUCLEO REG. EDUCACAO - IRATI                                ,GUAMIRANGA,41389611,"ANTONIO E ANTONELLI, CEC PROF-EF ETI EM",Ativo
NUCLEO REG. EDUCACAO - IRATI                                ,IRATI,41355547,"ANTONIO LOPES JUNIOR, E E-EF",Ativo
NUCLEO REG. EDUCACAO - IRATI                                ,PRUDENTOPOLIS,41110994,"ANTONIO WITCHEMICHEN, C E C PREF-EF M",Ativo
NUCLEO REG. EDUCACAO - IRATI                                ,IRATI,41112970,"ANTONIO X DA SILVEIRA, C E-EF M N PROFIS",Ativo
NUCLEO REG. EDUCACAO - IRATI                                ,INACIO MARTINS,41101758,"ARANDU MIRI, C E I-EI EF M",Ativo
NUCLEO REG. EDUCACAO - IRATI                                ,INACIO MARTINS,41367855,"AUREA APARECIDA LOPES, C E C-E F M",Ativo
NUCLEO REG. EDUCACAO - IRATI                                ,FERNANDES PINHEIRO,41112563,"BITUVA DAS CAMPINAS, C E C-EF ETI EM",Ativo
NUCLEO REG. EDUCACAO - IRATI                                ,PRUDENTOPOLIS,41111249,"CAPANEMA, C E C-M BAR DE-EF M PROF",Ativo
NUCLEO REG. EDUCACAO - IRATI                                ,IRATI,41113128,"CAXIAS, C E C-M DQ-EF M PROF",Ativo
NUCLEO REG. EDUCACAO - IRATI                                ,IRATI,41357337,CEEBJA IRATI-EF M,Ativo
NUCLEO REG. EDUCACAO - IRATI                                ,PRUDENTOPOLIS,41146271,CEEBJA PRUDENTOPOLIS-EF M,Ativo
NUCLEO REG. EDUCACAO - IRATI                                ,IRATI,41113152,CENTRO EST FL ED PROFIS PR COSTA E SILVA,Ativo
NUCLEO REG. EDUCACAO - IRATI                                ,RIO AZUL,41114728,"CHAFIC CURY, C E DR-EF M N",Ativo
NUCLEO REG. EDUCACAO - IRATI                                ,PRUDENTOPOLIS,41360109,"CRISTO REI, C E C-EF M",Ativo
NUCLEO REG. EDUCACAO - IRATI                                ,PRUDENTOPOLIS,41111281,"CRISTOFORO MYSKIV, C E PE-EF M",Ativo
NUCLEO REG. EDUCACAO - IRATI                                ,MALLET,41113900,"DARIO VELOSO, C E PROF-EF M PROFIS",Ativo
NUCLEO REG. EDUCACAO - IRATI                                ,PRUDENTOPOLIS,41111303,"DOMINGOS V LOPES, C E C CAP-EF M",Ativo
NUCLEO REG. EDUCACAO - IRATI                                ,REBOUCAS,41114400,"FAXINAL DOS FRANCOS, C E C DE-EF M",Ativo
NUCLEO REG. EDUCACAO - IRATI                                ,REBOUCAS,41114418,"FAXINAL DOS MARMELEIROS, C E C DE-EF M",Ativo
NUCLEO REG. EDUCACAO - IRATI                                ,MALLET,41113934,"FERNANDO MOREIRA, E E C-EF",Ativo
NUCLEO REG. EDUCACAO - IRATI                                ,GUAMIRANGA,41109813,"FRANCISCO RAMOS, C E-EF M PROFIS",Ativo
NUCLEO REG. EDUCACAO - IRATI                                ,FERNANDES PINHEIRO,41112636,"GETULIO VARGAS, C E-EF M ETI",Ativo
NUCLEO REG. EDUCACAO - IRATI                                ,IRATI,41113217,"GONCALVES JUNIOR, C E C-EF M",Ativo
NUCLEO REG. EDUCACAO - IRATI                                ,TEIXEIRA SOARES,41112644,"GUARAUNA, C E C-EF M",Ativo
NUCLEO REG. EDUCACAO - IRATI                                ,PRUDENTOPOLIS,41111427,"IMACULADA CONCEICAO, C E C-EF M",Ativo
NUCLEO REG. EDUCACAO - IRATI                                ,IRATI,41113250,"JOAO DE M PESSOA, C E C-M-EF M",Ativo
NUCLEO REG. EDUCACAO - IRATI                                ,TEIXEIRA SOARES,41112679,"JOAO NEGRAO JR, C E-EF M",Ativo
NUCLEO REG. EDUCACAO - IRATI                                ,IRATI,41113276,"JOAO XXIII, C E-EF ETI EM PROFIS",Ativo
NUCLEO REG. EDUCACAO - IRATI                                ,PRUDENTOPOLIS,41111508,"JOSE MARTENETZ, C E C BISPO D-EF M",Ativo
NUCLEO REG. EDUCACAO - IRATI                                ,PRUDENTOPOLIS,41111516,"JOSE ORESTES PREIMA, C E C PE-EF M P",Ativo
NUCLEO REG. EDUCACAO - IRATI                                ,REBOUCAS,41114442,"JULIO CESAR, C E PROF-EF M N",Ativo
NUCLEO REG. EDUCACAO - IRATI                                ,IRATI,41113381,"LUIZA ROSA Z PINTO, C E PROFA-EF M",Ativo
NUCLEO REG. EDUCACAO - IRATI                                ,REBOUCAS,41114469,"MARIA IGNACIA, C E C-M PROFA-EF M",Ativo
NUCLEO REG. EDUCACAO - IRATI                                ,RIO AZUL,41597990,"MIGUEL DESANOSKI, E E C-EF",Ativo
NUCLEO REG. EDUCACAO - IRATI                                ,MALLET,41114027,"NICOLAU COPERNICO, C E C-M-EF M",Ativo
NUCLEO REG. EDUCACAO - IRATI                                ,RIO AZUL,41114876,"NOSSA SRA APARECIDA, C E C-EF ETI EM",Ativo
NUCLEO REG. EDUCACAO - IRATI                                ,IRATI,41113470,"NOSSA SRA DE FATIMA, C E C-E F M",Ativo
NUCLEO REG. EDUCACAO - IRATI                                ,IRATI,41113489,"NOSSA SRA GRACAS, E E-EF",Ativo
NUCLEO REG. EDUCACAO - IRATI                                ,INACIO MARTINS,41163192,"ONDINA PEREIRA OGG, C E PROFA - EF M",Ativo
NUCLEO REG. EDUCACAO - IRATI                                ,PRUDENTOPOLIS,41111923,"PAPANDUVA DE CIMA, C E C DE-EF M",Ativo
NUCLEO REG. EDUCACAO - IRATI                                ,INACIO MARTINS,41101820,"PARIGOT DE SOUZA, C E C-M-EF M N PROFIS",Ativo
NUCLEO REG. EDUCACAO - IRATI                                ,IRATI,41113233,"PEDRO BALTZAR, C E C PE-EF M",Ativo
NUCLEO REG. EDUCACAO - IRATI                                ,TEIXEIRA SOARES,41383168,"RIO D AREIA DE CIMA, C E C DO-EF M",Ativo
NUCLEO REG. EDUCACAO - IRATI                                ,IRATI,41113624,"RIO DO COURO, C E C DE-EF M",Ativo
NUCLEO REG. EDUCACAO - IRATI                                ,PRUDENTOPOLIS,41112237,"SANTA C DE ALEXANDRIA, E E C-EF",Ativo
NUCLEO REG. EDUCACAO - IRATI                                ,PRUDENTOPOLIS,41150678,"SAO JOAO BATISTA, E E C-EF",Ativo
NUCLEO REG. EDUCACAO - IRATI                                ,PRUDENTOPOLIS,41112318,"SAO LUCAS, E E-EF",Ativo
NUCLEO REG. EDUCACAO - IRATI                                ,IRATI,41113799,"TRAJANO GRACIA, C E-EF M",Ativo
NUCLEO REG. EDUCACAO - IRATI                                ,PRUDENTOPOLIS,41112490,"VILA NOVA, C E-EF ETI EM N",Ativo
NUCLEO REG. EDUCACAO - IVAIPORA                             ,RIO BRANCO DO IVAI,41156722,"1 DE SETEMBRO, C E C-EF M",Ativo
NUCLEO REG. EDUCACAO - IVAIPORA                             ,CANDIDO DE ABREU,41152808,"AGRONOMO HINTZ, C E C - EF M",Ativo
NUCLEO REG. EDUCACAO - IVAIPORA                             ,JARDIM ALEGRE,41038100,"ANITA GARIBALDI, C E C-M-EF M PROFIS",Ativo
NUCLEO REG. EDUCACAO - IVAIPORA                             ,IVAIPORA,41037324,"ANTONIO DINIZ PEREIRA, C E C-M-EF M",Ativo
NUCLEO REG. EDUCACAO - IVAIPORA                             ,ARAPUA,41037340,"ARAPUA, C E DE-EF ETI EM",Ativo
NUCLEO REG. EDUCACAO - IVAIPORA                             ,SAO JOAO DO IVAI,41040155,"ARTHUR DE AZEVEDO, C E-EFM ETI N",Ativo
NUCLEO REG. EDUCACAO - IVAIPORA                             ,CANDIDO DE ABREU,41035968,"ARY B CARNEIRO, C E-EF M PROFIS",Ativo
NUCLEO REG. EDUCACAO - IVAIPORA                             ,MANOEL RIBAS,41038886,"AUGUSTO KAULING, E E DO C-EF",Ativo
NUCLEO REG. EDUCACAO - IVAIPORA                             ,IVAIPORA,41037383,"BARBOSA FERRAZ, C E-EM N PROFIS",Ativo
NUCLEO REG. EDUCACAO - IVAIPORA                             ,JARDIM ALEGRE,41038118,"BARRA PRETA, C E C DE-E F M",Ativo
NUCLEO REG. EDUCACAO - IVAIPORA                             ,LIDIANOPOLIS,41038398,"BENEDITO SERRA, E E C-EF",Ativo
NUCLEO REG. EDUCACAO - IVAIPORA                             ,IVAIPORA,41037413,"BENTO MOSSURUNGA, C E C-M - EFM ETI",Ativo
NUCLEO REG. EDUCACAO - IVAIPORA                             ,ROSARIO DO IVAI,41039734,"BOA V DA STA CRUZ, C E DO C DE-EF M",Ativo
NUCLEO REG. EDUCACAO - IVAIPORA                             ,ROSARIO DO IVAI,41039742,"CAMPINEIRO DO SUL,C E C-EF M PROFIS",Ativo
NUCLEO REG. EDUCACAO - IVAIPORA                             ,CANDIDO DE ABREU,41036085,"CANDIDO DE ABREU, C E DR-EF M N PROFIS",Ativo
NUCLEO REG. EDUCACAO - IVAIPORA                             ,SAO PEDRO DO IVAI,41040570,"CARLOS SILVA, C E-EFM ETI P",Ativo
NUCLEO REG. EDUCACAO - IVAIPORA                             ,IVAIPORA,41144295,CEEBJA DE IVAIPORA - EF M,Ativo
NUCLEO REG. EDUCACAO - IVAIPORA                             ,MANOEL RIBAS,41158105,CENT ES ED PROFIS AG PROF ADILSON REDIVO,Ativo
NUCLEO REG. EDUCACAO - IVAIPORA                             ,IVAIPORA,41037510,"CERRO AZUL, C E BARAO DO-EFM ETI",Ativo
NUCLEO REG. EDUCACAO - IVAIPORA                             ,SAO PEDRO DO IVAI,41040589,"CONJ HAB VIRGINIO SECO, E E DO-EF ETI",Ativo
NUCLEO REG. EDUCACAO - IVAIPORA                             ,JARDIM ALEGRE,41038142,"CORA CORALINA, C E C-EF M",Ativo
NUCLEO REG. EDUCACAO - IVAIPORA                             ,MANOEL RIBAS,41038959,"CRISTO REI, E E DO C-EF ETI",Ativo
NUCLEO REG. EDUCACAO - IVAIPORA                             ,JARDIM ALEGRE,41038150,"CRISTOVAO COLOMBO, C E-EFM ETI N PROFIS",Ativo
NUCLEO REG. EDUCACAO - IVAIPORA                             ,SAO JOAO DO IVAI,41040210,"DIOGO A CORREIA, C E C-EF M",Ativo
NUCLEO REG. EDUCACAO - IVAIPORA                             ,GRANDES RIOS,41036956,"FLORIANO PEIXOTO, C E C MAL-EF M",Ativo
NUCLEO REG. EDUCACAO - IVAIPORA                             ,GRANDES RIOS,41036972,"FLORIDA DO IVAI, C E DO C-EF M",Ativo
NUCLEO REG. EDUCACAO - IVAIPORA                             ,LUNARDELLI,41038665,"GEREMIA LUNARDELLI, C E-EFM ETI N",Ativo
NUCLEO REG. EDUCACAO - IVAIPORA                             ,GRANDES RIOS,41037006,"GEREMIAS LUNARDELLI, C E COM-EF M ETI",Ativo
NUCLEO REG. EDUCACAO - IVAIPORA                             ,GODOY MOREIRA,41036824,"GODOY MOREIRA, C E DO C-EF M",Ativo
NUCLEO REG. EDUCACAO - IVAIPORA                             ,MANOEL RIBAS,41378180,"GREGORIO KAEKCHOT, C E I CAC-EI EF M N",Ativo
NUCLEO REG. EDUCACAO - IVAIPORA                             ,IVAIPORA,41037650,"IDALIA ROCHA, C E-EF M",Ativo
NUCLEO REG. EDUCACAO - IVAIPORA                             ,CANDIDO DE ABREU,41379586,"IMPERATRIZ TERESA CRISTINA,CEC EF ETI EM",Ativo
NUCLEO REG. EDUCACAO - IVAIPORA                             ,SAO JOAO DO IVAI,41040228,"JAMIL APARECIDO BONACIN, E E C PROF-EF",Ativo
NUCLEO REG. EDUCACAO - IVAIPORA                             ,SAO JOAO DO IVAI,41040317,"JOSE DE MATTOS LEAO, C E C-M-EF M",Ativo
NUCLEO REG. EDUCACAO - IVAIPORA                             ,IVAIPORA,41037731,"JOSE DE MATTOS LEAO, E E C-EF",Ativo
NUCLEO REG. EDUCACAO - IVAIPORA                             ,JARDIM ALEGRE,41386957,"JOSE MARTI, C E DO C-EF ETI EM",Ativo
NUCLEO REG. EDUCACAO - IVAIPORA                             ,ROSARIO DO IVAI,41039920,"JOSE S ROSAS, C E-EF M ETI",Ativo
NUCLEO REG. EDUCACAO - IVAIPORA                             ,SAO JOAO DO IVAI,41040333,"JULIO EMERENCIANO, E E C -EF",Ativo
NUCLEO REG. EDUCACAO - IVAIPORA                             ,ARIRANHA DO IVAI,41037766,"KENNEDY, C E PRES-EF M",Ativo
NUCLEO REG. EDUCACAO - IVAIPORA                             ,LUNARDELLI,41038738,"LEONARDO BECHER, E E DO C-EF",Ativo
NUCLEO REG. EDUCACAO - IVAIPORA                             ,SAO PEDRO DO IVAI,41040635,"MARIZA, C E C-EF M",Ativo
NUCLEO REG. EDUCACAO - IVAIPORA                             ,MANOEL RIBAS,41039068,"NEREU RAMOS, E E C-M-EF",Ativo
NUCLEO REG. EDUCACAO - IVAIPORA                             ,IVAIPORA,41037898,"NILO PECANHA, C E C-EF M",Ativo
NUCLEO REG. EDUCACAO - IVAIPORA                             ,MANOEL RIBAS,41039130,"PAULO CEZAR A SILOTO, E E DO C-EF ETI",Ativo
NUCLEO REG. EDUCACAO - IVAIPORA                             ,LIDIANOPOLIS,41038525,"PEDRO I, C E C D-EF ETI EM P",Ativo
NUCLEO REG. EDUCACAO - IVAIPORA                             ,MANOEL RIBAS,41039157,"RENI C GAMPER, C E PROFA-EM ETI P N",Ativo
NUCLEO REG. EDUCACAO - IVAIPORA                             ,RIO BRANCO DO IVAI,41037235,"RIO BRANCO, C E-EF M",Ativo
NUCLEO REG. EDUCACAO - IVAIPORA                             ,ARAPUA,41037995,"ROMEOPOLIS, C E DO C DE-EF M",Ativo
NUCLEO REG. EDUCACAO - IVAIPORA                             ,IVAIPORA,41038010,"SANTA BARBARA, E E C-EF",Ativo
NUCLEO REG. EDUCACAO - IVAIPORA                             ,CANDIDO DE ABREU,41408233,"SERGIO KRIGRIVAJA LUCAS, C E I P-EI EF M",Ativo
NUCLEO REG. EDUCACAO - IVAIPORA                             ,SAO PEDRO DO IVAI,41040694,"VICENTE MACHADO, C E C-M-EF M",Ativo
NUCLEO REG. EDUCACAO - IVAIPORA                             ,ROSARIO DO IVAI,41040120,"VILA UNIAO, E E DO C DE-EF",Ativo
NUCLEO REG. EDUCACAO - JACAREZINHO                          ,ABATIA,41042476,"AFRANIO PEIXOTO, E E-EF ETI",Ativo
NUCLEO REG. EDUCACAO - JACAREZINHO                          ,JACAREZINHO,41046960,"ANESIO DE A LEITE, C E C-M-EF M PROFIS",Ativo
NUCLEO REG. EDUCACAO - JACAREZINHO                          ,CAMBARA,41147448,"ANGELINA R VEZOZZO, C E-EF M",Ativo
NUCLEO REG. EDUCACAO - JACAREZINHO                          ,JOAQUIM TAVORA,41051246,"ASSAD KALIL RICHA, E E DO C-EF",Ativo
NUCLEO REG. EDUCACAO - JACAREZINHO                          ,ANDIRA,41042760,"BARBOSA FERRAZ, C E-EF M ETI",Ativo
NUCLEO REG. EDUCACAO - JACAREZINHO                          ,CAMBARA,41046552,"CAROLINA LUPION, C E C-M DONA-EF M",Ativo
NUCLEO REG. EDUCACAO - JACAREZINHO                          ,CARLOPOLIS,41050835,"CAROLINA LUPION, C E-EF M N",Ativo
NUCLEO REG. EDUCACAO - JACAREZINHO                          ,JACAREZINHO,41354524,CEEBJA PROFA GENI SAMPAIO LEMOS -EF M,Ativo
NUCLEO REG. EDUCACAO - JACAREZINHO                          ,CAMBARA,41374487,CENTRO EST EDUC PROFIS A MOHAMAD A HAMZE,Ativo
NUCLEO REG. EDUCACAO - JACAREZINHO                          ,JOAQUIM TAVORA,41051262,"DISTRITAL DE JOA, C E DO C-EF M",Ativo
NUCLEO REG. EDUCACAO - JACAREZINHO                          ,ANDIRA,41042794,"DURVAL RAMOS FILHO, C E-EF ETI EM P",Ativo
NUCLEO REG. EDUCACAO - JACAREZINHO                          ,SANTO ANTONIO DA PLATINA,41048326,"EDITH S PRADO DE OLIVEIRA, C E C-M-EF M",Ativo
NUCLEO REG. EDUCACAO - JACAREZINHO                          ,JOAQUIM TAVORA,41144163,"FRANCISCO BENEDETTI, C E PROF-EF ETI EM",Ativo
NUCLEO REG. EDUCACAO - JACAREZINHO                          ,CAMBARA,41046617,"GENEROSO MARQUES, C E C-M DR-EF M",Ativo
NUCLEO REG. EDUCACAO - JACAREZINHO                          ,SANTO ANTONIO DA PLATINA,41048407,"HELOISA I M RIBEIRO, C E DO C-EF M",Ativo
NUCLEO REG. EDUCACAO - JACAREZINHO                          ,CARLOPOLIS,41050886,"HERCILIA P E SILVA, C E C-M PROFA-EF M",Ativo
NUCLEO REG. EDUCACAO - JACAREZINHO                          ,RIBEIRAO DO PINHAL,41045548,"HERMINIA LUPION, C E-EF ETI EM N",Ativo
NUCLEO REG. EDUCACAO - JACAREZINHO                          ,JACAREZINHO,41047141,"IMACULADA CONCEICAO, C E-EF M ETI",Ativo
NUCLEO REG. EDUCACAO - JACAREZINHO                          ,RIBEIRAO CLARO,41047800,"JOAO DA R CHUEIRI, C E C-M DR-EF M P",Ativo
NUCLEO REG. EDUCACAO - JACAREZINHO                          ,QUATIGUA,41051556,"JOAO M DA SILVEIRA, C E-EF M PROFIS",Ativo
NUCLEO REG. EDUCACAO - JACAREZINHO                          ,RIBEIRAO CLARO,41048008,"JOAQUIM A DE MOURA, C E PROF-EF M PROF N",Ativo
NUCLEO REG. EDUCACAO - JACAREZINHO                          ,CARLOPOLIS,41050894,"JOAQUIM M MARQUES, C E C-EF M",Ativo
NUCLEO REG. EDUCACAO - JACAREZINHO                          ,RIBEIRAO DO PINHAL,41531850,"JORGINA B DE PAULA, C E DO C-EF M",Ativo
NUCLEO REG. EDUCACAO - JACAREZINHO                          ,JACAREZINHO,41047192,"JOSE PAVAN, C E C-M-EF M",Ativo
NUCLEO REG. EDUCACAO - JACAREZINHO                          ,CAMBARA,41384555,"LUCY REQUIAO M E SILVA, C E-EF M ETI",Ativo
NUCLEO REG. EDUCACAO - JACAREZINHO                          ,JUNDIAI DO SUL,41047605,"LUIZ PETRINI, E E PROF-EF ETI",Ativo
NUCLEO REG. EDUCACAO - JACAREZINHO                          ,JACAREZINHO,41047206,"LUIZ SETTI, C E-E F M P N",Ativo
NUCLEO REG. EDUCACAO - JACAREZINHO                          ,SANTO ANTONIO DA PLATINA,41048520,"MARIA DALILA PINTO, C E-EF M PROFIS",Ativo
NUCLEO REG. EDUCACAO - JACAREZINHO                          ,BARRA DO JACARE,41046463,"MARIA F SOUZA, C E-EF M ETI",Ativo
NUCLEO REG. EDUCACAO - JACAREZINHO                          ,RIBEIRAO CLARO,41597974,"MARIA FERREIRA, E E DO C-EF",Ativo
NUCLEO REG. EDUCACAO - JACAREZINHO                          ,ANDIRA,41042816,"MARIO ZACARELLI, E E DO C-EF",Ativo
NUCLEO REG. EDUCACAO - JACAREZINHO                          ,JACAREZINHO,41047273,"MARQUES DOS REIS, C E-EI EF M",Ativo
NUCLEO REG. EDUCACAO - JACAREZINHO                          ,JOAQUIM TAVORA,41051351,"MIGUEL DIAS, C E C-M -EFMP",Ativo
NUCLEO REG. EDUCACAO - JACAREZINHO                          ,SANTO ANTONIO DA PLATINA,41048547,"MONTE REAL, C E DO C-EF ETI EM",Ativo
NUCLEO REG. EDUCACAO - JACAREZINHO                          ,SANTO ANTONIO DA PLATINA,41048563,"MORALINA ELEUTERIO, C E C-M DONA-EF M",Ativo
NUCLEO REG. EDUCACAO - JACAREZINHO                          ,JUNDIAI DO SUL,41047630,"NICANOR BUENO MENDES, C E-EM",Ativo
NUCLEO REG. EDUCACAO - JACAREZINHO                          ,ABATIA,41532112,"NIMBOEATY M AWA TIROPE, E E I-EI EF",Ativo
NUCLEO REG. EDUCACAO - JACAREZINHO                          ,SANTO ANTONIO DA PLATINA,41048660,"RIO BRANCO, C E-EF ETI EM N P",Ativo
NUCLEO REG. EDUCACAO - JACAREZINHO                          ,JACAREZINHO,41047389,"RUI BARBOSA, C E - EFMP",Ativo
NUCLEO REG. EDUCACAO - JACAREZINHO                          ,ABATIA,41042670,"RUI BARBOSA, CEC-M-EFMNP",Ativo
NUCLEO REG. EDUCACAO - JACAREZINHO                          ,RIBEIRAO DO PINHAL,41045610,"RUTH M CORREA, C E C-M-EF M PROF",Ativo
NUCLEO REG. EDUCACAO - JACAREZINHO                          ,SANTO ANTONIO DA PLATINA,41048768,"SANTA TEREZINHA, E E-EF",Ativo
NUCLEO REG. EDUCACAO - JACAREZINHO                          ,RIBEIRAO CLARO,41352548,"SEBASTIAO L DA SILVA, C E DO C-EF M",Ativo
NUCLEO REG. EDUCACAO - JACAREZINHO                          ,CAMBARA,41046919,"SILVIO TAVARES, C E PROF-EF M ETI PROFIS",Ativo
NUCLEO REG. EDUCACAO - JACAREZINHO                          ,ANDIRA,41042778,"STELLA MARIS, C E C-M-E F M P",Ativo
NUCLEO REG. EDUCACAO - JACAREZINHO                          ,SANTO ANTONIO DA PLATINA,41048881,"TIRADENTES, C E-EF ETI EM P",Ativo
NUCLEO REG. EDUCACAO - JACAREZINHO                          ,JACAREZINHO,41168291,"VALMIR MOTTA DE OLIVEIRA, C E DO C - EFM",Ativo
NUCLEO REG. EDUCACAO - LARANJ. DO SUL                       ,QUEDAS DO IGUACU,41105656,"ALTO ALEGRE, C E C- EF M ETI",Ativo
NUCLEO REG. EDUCACAO - LARANJ. DO SUL                       ,QUEDAS DO IGUACU,41105176,"ALTO RECREIO, C E C-M-EF M",Ativo
NUCLEO REG. EDUCACAO - LARANJ. DO SUL                       ,ESPIGAO ALTO DO IGUACU,41105184,"ALVARO N DE CAMARGO, C E-EF M",Ativo
NUCLEO REG. EDUCACAO - LARANJ. DO SUL                       ,QUEDAS DO IGUACU,41105222,"ARNALDO BUSATO, C E-EF M",Ativo
NUCLEO REG. EDUCACAO - LARANJ. DO SUL                       ,NOVA LARANJEIRAS,41103084,"BURITI, E E C DE-EF",Ativo
NUCLEO REG. EDUCACAO - LARANJ. DO SUL                       ,NOVA LARANJEIRAS,41103092,"CANDOCA T FIDENCIO, C E I PROF-EI EFM",Ativo
NUCLEO REG. EDUCACAO - LARANJ. DO SUL                       ,NOVA LARANJEIRAS,41103106,"CARLOS A C MACHADO, C E I-EI EF M",Ativo
NUCLEO REG. EDUCACAO - LARANJ. DO SUL                       ,QUEDAS DO IGUACU,41359690,"CASTRO ALVES, C E-EF M ETI",Ativo
NUCLEO REG. EDUCACAO - LARANJ. DO SUL                       ,CANTAGALO,41098463,"CAVACO, C E C DE -E F M",Ativo
NUCLEO REG. EDUCACAO - LARANJ. DO SUL                       ,CANTAGALO,41143574,CEEBJA CANTAGALO-EF M,Ativo
NUCLEO REG. EDUCACAO - LARANJ. DO SUL                       ,LARANJEIRAS DO SUL,41144899,CEEBJA LARANJEIRAS DO SUL-EF M,Ativo
NUCLEO REG. EDUCACAO - LARANJ. DO SUL                       ,LARANJEIRAS DO SUL,41157923,CENTRO EST ED PROF PROFA NAIANA B SOUZA,Ativo
NUCLEO REG. EDUCACAO - LARANJ. DO SUL                       ,QUEDAS DO IGUACU,41389778,"CHICO MENDES, C E C-EI EF M N PROFIS",Ativo
NUCLEO REG. EDUCACAO - LARANJ. DO SUL                       ,QUEDAS DO IGUACU,41557905,"CONSTRUINDO NOVOS CAMINHOS, E E C-EF",Ativo
NUCLEO REG. EDUCACAO - LARANJ. DO SUL                       ,CANTAGALO,41154649,"ELENIR LINKE, C E PROF-EF M ETI",Ativo
NUCLEO REG. EDUCACAO - LARANJ. DO SUL                       ,LARANJEIRAS DO SUL,41102274,"ERICO VERISSIMO, C E C-M-EF M",Ativo
NUCLEO REG. EDUCACAO - LARANJ. DO SUL                       ,VIRMOND,41107012,"EURICO G DUTRA, C E GEN-EF M",Ativo
NUCLEO REG. EDUCACAO - LARANJ. DO SUL                       ,NOVA LARANJEIRAS,41103220,"FEG-PRAG FERNANDES, C E I-EI EF M",Ativo
NUCLEO REG. EDUCACAO - LARANJ. DO SUL                       ,LARANJEIRAS DO SUL,41102304,"FLORIANO PEIXOTO, C E-EF M",Ativo
NUCLEO REG. EDUCACAO - LARANJ. DO SUL                       ,PORTO BARREIRO,41102339,"GABRIELA MISTRAL, C E-EF M ETI",Ativo
NUCLEO REG. EDUCACAO - LARANJ. DO SUL                       ,LARANJEIRAS DO SUL,41102363,"GILDO A SCHUCK, C E PROF-EF M ETI N",Ativo
NUCLEO REG. EDUCACAO - LARANJ. DO SUL                       ,NOVA LARANJEIRAS,41103270,"GUARAI, E E C DE-EF",Ativo
NUCLEO REG. EDUCACAO - LARANJ. DO SUL                       ,NOVA LARANJEIRAS,41103289,"GUARANI DA ESTRATEGICA, C E C-EF M ETI",Ativo
NUCLEO REG. EDUCACAO - LARANJ. DO SUL                       ,RIO BONITO DO IGUACU,41365879,"IRACI S STROZAK, C E DO C-EI EF M N",Ativo
NUCLEO REG. EDUCACAO - LARANJ. DO SUL                       ,RIO BONITO DO IGUACU,41365852,"IRENO ALVES DOS SANTOS, C E C-EF M ETI",Ativo
NUCLEO REG. EDUCACAO - LARANJ. DO SUL                       ,DIAMANTE DO SUL,41551966,"IRMA RODRIGUES DA CRUZ, C E C -EFM",Ativo
NUCLEO REG. EDUCACAO - LARANJ. DO SUL                       ,LARANJEIRAS DO SUL,41598180,"JOANY G DE LIMA, C E C-EF M",Ativo
NUCLEO REG. EDUCACAO - LARANJ. DO SUL                       ,MARQUINHO,41098862,"JOAO RYSICZ, C E-EF M PROFIS",Ativo
NUCLEO REG. EDUCACAO - LARANJ. DO SUL                       ,RIO BONITO DO IGUACU,41106369,"JOAQUIM N RIBEIRO, C E C-EF M ETI",Ativo
NUCLEO REG. EDUCACAO - LARANJ. DO SUL                       ,RIO BONITO DO IGUACU,41355342,"JOSE ALVES DOS SANTOS, C E C-EF M ETI",Ativo
NUCLEO REG. EDUCACAO - LARANJ. DO SUL                       ,QUEDAS DO IGUACU,41105575,"JOSE DE ANCHIETA, C E-EF M ETI",Ativo
NUCLEO REG. EDUCACAO - LARANJ. DO SUL                       ,LARANJEIRAS DO SUL,41144929,"JOSE MARCONDES SOBRINHO, C E-EF M ETI",Ativo
NUCLEO REG. EDUCACAO - LARANJ. DO SUL                       ,NOVA LARANJEIRAS,41103408,"JOSE NER-NOR BONIFACIO, E E I-EI EF",Ativo
NUCLEO REG. EDUCACAO - LARANJ. DO SUL                       ,LARANJEIRAS DO SUL,41557891,"KO HOMU, C E I-EI EF M",Ativo
NUCLEO REG. EDUCACAO - LARANJ. DO SUL                       ,QUEDAS DO IGUACU,41105613,"LAGEADO BONITO, C E C-EF M",Ativo
NUCLEO REG. EDUCACAO - LARANJ. DO SUL                       ,LARANJEIRAS DO SUL,41102622,"LARANJEIRAS DO SUL, C E DE-EF M",Ativo
NUCLEO REG. EDUCACAO - LARANJ. DO SUL                       ,ESPIGAO ALTO DO IGUACU,41105672,"LINHA MATO QUEIMADO, E E C DE-EF",Ativo
NUCLEO REG. EDUCACAO - LARANJ. DO SUL                       ,RIO BONITO DO IGUACU,41106385,"LUDOVICA SAFRAIDER, C E-EF M",Ativo
NUCLEO REG. EDUCACAO - LARANJ. DO SUL                       ,NOVA LARANJEIRAS,41103483,"NESTOR DA SILVA, E E I CEL-EI EF",Ativo
NUCLEO REG. EDUCACAO - LARANJ. DO SUL                       ,QUEDAS DO IGUACU,41105869,"NUCLEO RESID PINDORAMA, C E DO-EF M",Ativo
NUCLEO REG. EDUCACAO - LARANJ. DO SUL                       ,CANTAGALO,41099133,"OLAVO BILAC, C E-EF M N PROFIS",Ativo
NUCLEO REG. EDUCACAO - LARANJ. DO SUL                       ,QUEDAS DO IGUACU,41388070,"OLGA BENARIO PRESTES, C E C-EF M",Ativo
NUCLEO REG. EDUCACAO - LARANJ. DO SUL                       ,DIAMANTE DO SUL,41073037,"OSORIO DUQUE ESTRADA, C E C-M-EF M",Ativo
NUCLEO REG. EDUCACAO - LARANJ. DO SUL                       ,ESPIGAO ALTO DO IGUACU,41105850,"PEDRO R DE SIQUEIRA, C E C-EF M",Ativo
NUCLEO REG. EDUCACAO - LARANJ. DO SUL                       ,RIO BONITO DO IGUACU,41384709,"PINHALZINHO, C R E DE-EF M",Ativo
NUCLEO REG. EDUCACAO - LARANJ. DO SUL                       ,PORTO BARREIRO,41102878,"PORTO SANTANA, C E C DE - EF EM",Ativo
NUCLEO REG. EDUCACAO - LARANJ. DO SUL                       ,DIAMANTE DO SUL,41147499,"RAIOS DO SABER, E R E-EF",Ativo
NUCLEO REG. EDUCACAO - LARANJ. DO SUL                       ,NOVA LARANJEIRAS,41103556,"RIO DA PRATA, C E C DE-EF M",Ativo
NUCLEO REG. EDUCACAO - LARANJ. DO SUL                       ,NOVA LARANJEIRAS,41378512,"RIO DAS COBRAS, C E R I-EF M",Ativo
NUCLEO REG. EDUCACAO - LARANJ. DO SUL                       ,NOVA LARANJEIRAS,41103572,"RUI BARBOSA, C E-EF M",Ativo
NUCLEO REG. EDUCACAO - LARANJ. DO SUL                       ,RIO BONITO DO IGUACU,41365860,"SEBASTIAO E DA COSTA, C E C-EF M",Ativo
NUCLEO REG. EDUCACAO - LARANJ. DO SUL                       ,QUEDAS DO IGUACU,41106075,"SIGISMUNDO, C E PE-EF M N PROFIS",Ativo
NUCLEO REG. EDUCACAO - LARANJ. DO SUL                       ,ESPIGAO ALTO DO IGUACU,41106164,"VALDOMIRO TUPA P DE LIMA, C E I-EI EF M",Ativo
NUCLEO REG. EDUCACAO - LARANJ. DO SUL                       ,LARANJEIRAS DO SUL,41102908,"VALMIR NUNES, C E C PROF-EF M",Ativo
NUCLEO REG. EDUCACAO - LARANJ. DO SUL                       ,LARANJEIRAS DO SUL,41102991,"VILA INDUSTRIAL, C E-EF M",Ativo
NUCLEO REG. EDUCACAO - LARANJ. DO SUL                       ,QUEDAS DO IGUACU,41106172,"VILA JOHN KENNEDY, C E C-M DA-EF M",Ativo
NUCLEO REG. EDUCACAO - LOANDA                               ,LOANDA,41001060,"AFONSO CAMARGO, C E C-M PRES-EF M",Ativo
NUCLEO REG. EDUCACAO - LOANDA                               ,SANTA ISABEL DO IVAI,41003330,"ALBERICO M DA SILVA, C E C-M-EF M",Ativo
NUCLEO REG. EDUCACAO - LOANDA                               ,PLANALTINA DO PARANA,41002687,"ARTHUR DA C SILVA, C E MAL-EF ETI EM N",Ativo
NUCLEO REG. EDUCACAO - LOANDA                               ,NOVA LONDRINA,41001508,"ARY J DRESCH, C E-EF M N PROFIS",Ativo
NUCLEO REG. EDUCACAO - LOANDA                               ,QUERENCIA DO NORTE,41002962,"CASTRO ALVES, C E-EF M",Ativo
NUCLEO REG. EDUCACAO - LOANDA                               ,SAO PEDRO DO PARANA,41003799,"CECILIA MEIRELES, C E-EF M ETI",Ativo
NUCLEO REG. EDUCACAO - LOANDA                               ,QUERENCIA DO NORTE,41144996,"CENTRAO, C E C-EF M",Ativo
NUCLEO REG. EDUCACAO - LOANDA                               ,DIAMANTE DO NORTE,41383338,CENTRO EST EDUC PROFIS DO NOROESTE,Ativo
NUCLEO REG. EDUCACAO - LOANDA                               ,SANTA CRUZ DO MONTE CASTELO,41003160,"CONSTANTINO MAROCHI, C E S-EF M ETI P",Ativo
NUCLEO REG. EDUCACAO - LOANDA                               ,SANTA ISABEL DO IVAI,41003420,"FERNANDO DE AZEVEDO, C E-EF M ETI",Ativo
NUCLEO REG. EDUCACAO - LOANDA                               ,LOANDA,41001192,"GUILHERME DE ALMEIDA, C E-EF M ETI N",Ativo
NUCLEO REG. EDUCACAO - LOANDA                               ,QUERENCIA DO NORTE,41003020,"HUMBERTO DE CAMPOS, C E-EF ETI EM P",Ativo
NUCLEO REG. EDUCACAO - LOANDA                               ,SANTA CRUZ DO MONTE CASTELO,41003195,"IVAINA, C E C DE-EF M",Ativo
NUCLEO REG. EDUCACAO - LOANDA                               ,MARILENA,41001346,"IZABEL, C E PRINC-EF M",Ativo
NUCLEO REG. EDUCACAO - LOANDA                               ,SAO PEDRO DO PARANA,41003829,"JOSE DE ANCHIETA, E E C PE-EF",Ativo
NUCLEO REG. EDUCACAO - LOANDA                               ,LOANDA,41001222,"LAMARTINE R SOARES, CEC-M DR - EF ETI EM",Ativo
NUCLEO REG. EDUCACAO - LOANDA                               ,ITAUNA DO SUL,41000978,"MACHADO DE ASSIS, EE C-M-EF",Ativo
NUCLEO REG. EDUCACAO - LOANDA                               ,PORTO RICO,41002873,"MANOEL ROMAO NETTO, C E-EF M",Ativo
NUCLEO REG. EDUCACAO - LOANDA                               ,SANTA ISABEL DO IVAI,41003497,"NARCIZO MENDES, C E C-EF M",Ativo
NUCLEO REG. EDUCACAO - LOANDA                               ,NOVA LONDRINA,41357388,"NOVA LONDRINA, C E-EF ETI EM",Ativo
NUCLEO REG. EDUCACAO - LOANDA                               ,LOANDA,41001257,"PARANA, C E-EF M PROFIS",Ativo
NUCLEO REG. EDUCACAO - LOANDA                               ,DIAMANTE DO NORTE,41000625,"REYNALDO MASSI, C E-E F M ETI",Ativo
NUCLEO REG. EDUCACAO - LOANDA                               ,ITAUNA DO SUL,41001001,"RUI BARBOSA, C E-EM",Ativo
NUCLEO REG. EDUCACAO - LOANDA                               ,SANTA CRUZ DO MONTE CASTELO,41003276,"SANTA ESMERALDA, E E C-EF",Ativo
NUCLEO REG. EDUCACAO - LOANDA                               ,SANTA MONICA,41003616,"SANTA MONICA, C E-EF M ETI",Ativo
NUCLEO REG. EDUCACAO - LOANDA                               ,SANTA CRUZ DO MONTE CASTELO,41003292,"SANTOS DUMONT, C E C-M-EF M",Ativo
NUCLEO REG. EDUCACAO - LOANDA                               ,NOVA LONDRINA,41001672,"VALE DO TIGRE, C E C-M-EF M",Ativo
NUCLEO REG. EDUCACAO - LONDRINA                             ,CAMBE,41028996,"11 DE OUTUBRO, C E C-M-EF M PROFIS",Ativo
NUCLEO REG. EDUCACAO - LONDRINA                             ,ALVORADA DO SUL,41021266,"14 DE DEZEMBRO, C E-EF M ETI N P",Ativo
NUCLEO REG. EDUCACAO - LONDRINA                             ,LONDRINA,41029500,"ADELIA D BARBOSA, C E C-M PROFA-EF M P",Ativo
NUCLEO REG. EDUCACAO - LONDRINA                             ,LONDRINA,41029542,"ALBINO FEIJO SANCHES,CE - EF ETI EM P",Ativo
NUCLEO REG. EDUCACAO - LONDRINA                             ,LONDRINA,41032489,"ALTAIR APARECIDO CARNEIRO,CE PROF-EF M P",Ativo
NUCLEO REG. EDUCACAO - LONDRINA                             ,LONDRINA,41029623,"ANA MOLINA GARCIA, C E-EF ETI EM",Ativo
NUCLEO REG. EDUCACAO - LONDRINA                             ,ALVORADA DO SUL,41021100,"ANASTACIO CEREZINE, E E C-M-EF",Ativo
NUCLEO REG. EDUCACAO - LONDRINA                             ,CAMBE,41028406,"ANDREA NUZZI, C E C-M MAESTRO-EF M P",Ativo
NUCLEO REG. EDUCACAO - LONDRINA                             ,LONDRINA,41029712,"ANTONIO DE MORAES BARROS, C E-EF M PROFI",Ativo
NUCLEO REG. EDUCACAO - LONDRINA                             ,IBIPORA,41029143,"ANTONIO IGLESIAS, C E-EF ETI EM",Ativo
NUCLEO REG. EDUCACAO - LONDRINA                             ,CAMBE,41028430,"ANTONIO RAMINELLI, C E C-M-EF M PROFIS",Ativo
NUCLEO REG. EDUCACAO - LONDRINA                             ,MIRASELVA,41021819,"ARNALDO BUSATO, C E-EF M",Ativo
NUCLEO REG. EDUCACAO - LONDRINA                             ,CAFEARA,41019350,"ARTHUR DA C SILVA, C E PRES-EF M ETI P",Ativo
NUCLEO REG. EDUCACAO - LONDRINA                             ,CAMBE,41028457,"ATTILIO CODATO, C E C-M-EF M",Ativo
NUCLEO REG. EDUCACAO - LONDRINA                             ,IBIPORA,41029151,"BASILIO DE LUCCA, C E C-M-EF M",Ativo
NUCLEO REG. EDUCACAO - LONDRINA                             ,LONDRINA,41029909,"BEAHIR EDNA MENDONCA,CE PROFA-EF ETI EM",Ativo
NUCLEO REG. EDUCACAO - LONDRINA                             ,LONDRINA,41029917,"BENEDITA R REZENDE, C E PROFA-EF M P",Ativo
NUCLEO REG. EDUCACAO - LONDRINA                             ,TAMARANA,41150937,"BENEDITO ROKAG, C E I-EF M",Ativo
NUCLEO REG. EDUCACAO - LONDRINA                             ,LONDRINA,41029925,"BENJAMIN CONSTANT, C E-EF M ETI",Ativo
NUCLEO REG. EDUCACAO - LONDRINA                             ,BELA VISTA DO PARAISO,41021371,"BRASILIO DE ARAUJO, C E-EF ETI EM P",Ativo
NUCLEO REG. EDUCACAO - LONDRINA                             ,LONDRINA,41373260,"CARLOS A MUNGO GENEZ, C E PROF-EF M ETI",Ativo
NUCLEO REG. EDUCACAO - LONDRINA                             ,LONDRINA,41030125,"CARLOS DE ALMEIDA, C E C-M-EF M PROFIS",Ativo
NUCLEO REG. EDUCACAO - LONDRINA                             ,GUARACI,41019830,"CARMELA DUTRA, C E-EF ETI EM",Ativo
NUCLEO REG. EDUCACAO - LONDRINA                             ,LONDRINA,41146042,"CASSIO LEITE MACHADO, E E PROF-EF",Ativo
NUCLEO REG. EDUCACAO - LONDRINA                             ,PRIMEIRO DE MAIO,41022050,"CASTELO BRANCO, C E MAL-EF M N PROFIS",Ativo
NUCLEO REG. EDUCACAO - LONDRINA                             ,LONDRINA,41146069,CEEBJA DE LONDRINA - EF M,Ativo
NUCLEO REG. EDUCACAO - LONDRINA                             ,IBIPORA,41029283,CEEBJA DR FRANCISCO G BELTRAO-EF M,Ativo
NUCLEO REG. EDUCACAO - LONDRINA                             ,LONDRINA,41357566,CEEBJA HERBERT DE SOUZA-E F M,Ativo
NUCLEO REG. EDUCACAO - LONDRINA                             ,LONDRINA,41146050,CEEBJA PROF MANOEL MACHADO-EF M,Ativo
NUCLEO REG. EDUCACAO - LONDRINA                             ,IBIPORA,41168313,CEEP PROFA ELEUZA MARIA A SEMPREBOM,Ativo
NUCLEO REG. EDUCACAO - LONDRINA                             ,LONDRINA,41030265,"CELIA M DE OLIVEIRA, C E C-M PROF-EF M P",Ativo
NUCLEO REG. EDUCACAO - LONDRINA                             ,LONDRINA,41031970,CENTRO EST EDU PROF P MARIA R CASTALDI,Ativo
NUCLEO REG. EDUCACAO - LONDRINA                             ,LONDRINA,41030397,"CLEIA GODOY F SILVA, C E PROFA-EF M",Ativo
NUCLEO REG. EDUCACAO - LONDRINA                             ,LONDRINA,41030630,"DARIO VELLOZO, C E-EF M ETI",Ativo
NUCLEO REG. EDUCACAO - LONDRINA                             ,LONDRINA,41031407,"DEA ALVARENGA, C E PROF-EF M",Ativo
NUCLEO REG. EDUCACAO - LONDRINA                             ,GUARACI,41019857,"EMILIO DE MENEZES, E E-EF",Ativo
NUCLEO REG. EDUCACAO - LONDRINA                             ,CAMBE,41028570,"ERICO VERISSIMO, C E C-M-EF M PROFIS",Ativo
NUCLEO REG. EDUCACAO - LONDRINA                             ,FLORESTOPOLIS,41021665,"EUDICE R OLIVEIRA, C E PROF-EI EF M P",Ativo
NUCLEO REG. EDUCACAO - LONDRINA                             ,LONDRINA,41030877,"EUZEBIO B DE MENEZES, C E CAP-EF M",Ativo
NUCLEO REG. EDUCACAO - LONDRINA                             ,LONDRINA,41030966,"FERNANDO DE B PINTO, C E C-M DR-EF M",Ativo
NUCLEO REG. EDUCACAO - LONDRINA                             ,ROLANDIA,41033558,"FRANCISCO VILLANUEVA,C E C-M PROF-EF M P",Ativo
NUCLEO REG. EDUCACAO - LONDRINA                             ,LONDRINA,41031059,"GABRIEL C MARTINS, C E DR-EF M",Ativo
NUCLEO REG. EDUCACAO - LONDRINA                             ,FLORESTOPOLIS,41144015,"GENESIO F DA ROCHA, CEEBJA-EF M",Ativo
NUCLEO REG. EDUCACAO - LONDRINA                             ,CAMBE,41028716,"GERALDO FERNANDES, C E D-EF M ETI",Ativo
NUCLEO REG. EDUCACAO - LONDRINA                             ,LONDRINA,41030800,"HEBER S VARGAS, C E C-M PROF DR-EF M P",Ativo
NUCLEO REG. EDUCACAO - LONDRINA                             ,CAMBE,41028732,"HELENA KOLODY, C E C-M PROF-EF M",Ativo
NUCLEO REG. EDUCACAO - LONDRINA                             ,LONDRINA,41031237,"HUGO SIMAS, C E C-M-EF M PROFIS",Ativo
NUCLEO REG. EDUCACAO - LONDRINA                             ,LONDRINA,41031253,"HUMBERTO P COUTINHO, C E C-M-E F M",Ativo
NUCLEO REG. EDUCACAO - LONDRINA                             ,LONDRINA,41031318,INST ED EST DE LONDRINA -EF ETI EM N P,Ativo
NUCLEO REG. EDUCACAO - LONDRINA                             ,LONDRINA,41031288,"INST LOND EDUC SURDOS, C E-EI EF M ETI",Ativo
NUCLEO REG. EDUCACAO - LONDRINA                             ,LONDRINA,41031393,"JARDIM ELDORADO, DO E E-EF",Ativo
NUCLEO REG. EDUCACAO - LONDRINA                             ,IBIPORA,41029305,"JARDIM SAN RAFAEL, C E DO-EF M ETI",Ativo
NUCLEO REG. EDUCACAO - LONDRINA                             ,BELA VISTA DO PARAISO,41021436,"JAYME CANET, C E - EM N ETI",Ativo
NUCLEO REG. EDUCACAO - LONDRINA                             ,TAMARANA,41030010,"JOAO KAVAGTAN VERGILIO, E E I-EI EF",Ativo
NUCLEO REG. EDUCACAO - LONDRINA                             ,LONDRINA,41358872,"JOAO R DA SILVA, E E C-M PROF-EF",Ativo
NUCLEO REG. EDUCACAO - LONDRINA                             ,LONDRINA,41031423,"JOAO SAMPAIO, C E-E F M",Ativo
NUCLEO REG. EDUCACAO - LONDRINA                             ,LONDRINA,41031520,"JOSE A ARAGAO, C A P DA UEL PROF-EFMP",Ativo
NUCLEO REG. EDUCACAO - LONDRINA                             ,ROLANDIA,41152913,"JOSE ALEX CHIARELLI, C E C-M PROF-EF M P",Ativo
NUCLEO REG. EDUCACAO - LONDRINA                             ,LONDRINA,41030460,"JOSE CARLOS PINOTTI, C E PROF-EF M",Ativo
NUCLEO REG. EDUCACAO - LONDRINA                             ,LONDRINA,41031547,"JOSE DE ANCHIETA, C E-EF M ETI P",Ativo
NUCLEO REG. EDUCACAO - LONDRINA                             ,ROLANDIA,41033604,"JOSE HERIONS, C E PE-EF ETI EM P",Ativo
NUCLEO REG. EDUCACAO - LONDRINA                             ,CENTENARIO DO SUL,41019504,"JOSE PIRES, C E PE-EF ETI EM P",Ativo
NUCLEO REG. EDUCACAO - LONDRINA                             ,LONDRINA,41030451,"JOSEMARIA ESCRIVA, C E C-M MONS-EF M",Ativo
NUCLEO REG. EDUCACAO - LONDRINA                             ,PRADO FERREIRA,41021827,"JULIA WANDERLEY, C E-EF M ETI",Ativo
NUCLEO REG. EDUCACAO - LONDRINA                             ,LONDRINA,41031679,"KAZUCO OHARA, E E PROF-EF ETI",Ativo
NUCLEO REG. EDUCACAO - LONDRINA                             ,ROLANDIA,41033612,"KENNEDY, C E C-M PRES-EF M PROF NORMAL",Ativo
NUCLEO REG. EDUCACAO - LONDRINA                             ,LONDRINA,41031709,"LAURO G DA V PESSOA, E E C-M PROF-EF",Ativo
NUCLEO REG. EDUCACAO - LONDRINA                             ,ROLANDIA,41033620,"LAURO P TAVARES, C E C-M DR-EF M",Ativo
NUCLEO REG. EDUCACAO - LONDRINA                             ,CAMBE,41028864,"LEOPOLDINO L FERREIRA, E E DR-EF",Ativo
NUCLEO REG. EDUCACAO - LONDRINA                             ,LONDRINA,41031750,"LUCIA B LISBOA, C E PROFA-EF M",Ativo
NUCLEO REG. EDUCACAO - LONDRINA                             ,LONDRINA,41031806,"MACHADO DE ASSIS, C E-EF M ETI",Ativo
NUCLEO REG. EDUCACAO - LONDRINA                             ,SERTANOPOLIS,41022351,"MACHADO DE ASSIS, C E-EF M PROF",Ativo
NUCLEO REG. EDUCACAO - LONDRINA                             ,LUPIONOPOLIS,41020251,"MACHADO DE ASSIS, C E-EF M PROFIS",Ativo
NUCLEO REG. EDUCACAO - LONDRINA                             ,PORECATU,41021932,"MALVINO DE OLIVEIRA, C E PRF-EF M ETI P",Ativo
NUCLEO REG. EDUCACAO - LONDRINA                             ,CAMBE,41028902,"MANUEL BANDEIRA, C E C-M-EF M",Ativo
NUCLEO REG. EDUCACAO - LONDRINA                             ,LONDRINA,41384636,"MARAVILHA, C E DE-EF M",Ativo
NUCLEO REG. EDUCACAO - LONDRINA                             ,LONDRINA,41031857,"MARCELINO CHAMPAGNAT, C E-EF M PROFIS",Ativo
NUCLEO REG. EDUCACAO - LONDRINA                             ,LONDRINA,41031873,"MARGARIDA B LISBOA, C E C-M PROFA-EF M",Ativo
NUCLEO REG. EDUCACAO - LONDRINA                             ,LONDRINA,41157087,"MARIA AP ROSIGNOL FRANCIOSI, C E C-EF M",Ativo
NUCLEO REG. EDUCACAO - LONDRINA                             ,TAMARANA,41031911,"MARIA C DE ALCANTARA, C E PROFA-EF M P",Ativo
NUCLEO REG. EDUCACAO - LONDRINA                             ,LONDRINA,41163893,"MARIA DO CARMO AMBROZIO, C E PROFA-EF M",Ativo
NUCLEO REG. EDUCACAO - LONDRINA                             ,LONDRINA,41377575,"MARIA HELENA DAVATZ, C E PROFA-EF M",Ativo
NUCLEO REG. EDUCACAO - LONDRINA                             ,LONDRINA,41031946,"MARIA J B AGUILERA, CE PROFA-EF ETI EM P",Ativo
NUCLEO REG. EDUCACAO - LONDRINA                             ,SERTANOPOLIS,41022416,"MONTEIRO LOBATO, C E C-M-EF M",Ativo
NUCLEO REG. EDUCACAO - LONDRINA                             ,LONDRINA,41032225,"NEWTON GUIMARAES, C E C-M PROF-EF M",Ativo
NUCLEO REG. EDUCACAO - LONDRINA                             ,LONDRINA,41032241,"NILO PECANHA, C E C-M-EF M PROFIS",Ativo
NUCLEO REG. EDUCACAO - LONDRINA                             ,JAGUAPITA,41020073,"NILSON RIBAS, C E DR-EF M N PROFIS",Ativo
NUCLEO REG. EDUCACAO - LONDRINA                             ,LONDRINA,41032292,"NOSSA SRA LOURDES, C E-EF M ETI",Ativo
NUCLEO REG. EDUCACAO - LONDRINA                             ,PITANGUEIRAS,41033477,"ODETE BORGES BOTELHO, C E-EF M",Ativo
NUCLEO REG. EDUCACAO - LONDRINA                             ,CAMBE,41028988,"OLAVO BILAC, C E-EF M N ETI P",Ativo
NUCLEO REG. EDUCACAO - LONDRINA                             ,IBIPORA,41029356,"OLAVO BILAC, C E-EF M PROFIS",Ativo
NUCLEO REG. EDUCACAO - LONDRINA                             ,LONDRINA,41032438,"OLAVO FERREIRA DA SILVA, CE DR-EF ETI EM",Ativo
NUCLEO REG. EDUCACAO - LONDRINA                             ,LONDRINA,41032446,"OLYMPIA M TORMENTA, C E C-M PROF-EF M P",Ativo
NUCLEO REG. EDUCACAO - LONDRINA                             ,LONDRINA,41597915,"PATRIMONIO REGINA, C E C-M DO-EF M",Ativo
NUCLEO REG. EDUCACAO - LONDRINA                             ,LONDRINA,41030478,"PAULO FREIRE, C E PROF-E F M",Ativo
NUCLEO REG. EDUCACAO - LONDRINA                             ,LONDRINA,41031148,"PAULO S BARTHOLOMEU, C E PROF-E F M P",Ativo
NUCLEO REG. EDUCACAO - LONDRINA                             ,LONDRINA,41159594,"POL MILITAR DO PARANA, 2 C- EF M",Ativo
NUCLEO REG. EDUCACAO - LONDRINA                             ,LONDRINA,41032683,"POLIVALENTE, C E-EF M PROFIS",Ativo
NUCLEO REG. EDUCACAO - LONDRINA                             ,PORECATU,41021983,"RICARDO LUNARDELLI, C E-EI EF M PROFIS",Ativo
NUCLEO REG. EDUCACAO - LONDRINA                             ,LONDRINA,41356136,"RINA M D J FRANCOVIG, CE PROFA-EF ETI EM",Ativo
NUCLEO REG. EDUCACAO - LONDRINA                             ,LONDRINA,41032853,"RIO BRANCO, C E C-M BAR DO-EF M",Ativo
NUCLEO REG. EDUCACAO - LONDRINA                             ,LONDRINA,41381580,"ROSELI PIOTTO ROEHRIG, C E PROFA-EF M",Ativo
NUCLEO REG. EDUCACAO - LONDRINA                             ,TAMARANA,41032896,"ROSENO VOKRIG CARDOSO, E E I-EI EF",Ativo
NUCLEO REG. EDUCACAO - LONDRINA                             ,LONDRINA,41032934,"SAGRADA FAMILIA, C E-EF M ETI",Ativo
NUCLEO REG. EDUCACAO - LONDRINA                             ,CAMBE,41029100,"SAO JOSE, E E-EF ETI",Ativo
NUCLEO REG. EDUCACAO - LONDRINA                             ,ROLANDIA,41033817,"SOUZA NAVES, C E-EF M PROFIS",Ativo
NUCLEO REG. EDUCACAO - LONDRINA                             ,IBIPORA,41029402,"TEOTHONIO B VILELA, C E-EF M ETI",Ativo
NUCLEO REG. EDUCACAO - LONDRINA                             ,LONDRINA,41355156,"THIAGO TERRA, C E C-M-EF M PROF",Ativo
NUCLEO REG. EDUCACAO - LONDRINA                             ,LONDRINA,41033264,"TIRADENTES, E E-EF ETI",Ativo
NUCLEO REG. EDUCACAO - LONDRINA                             ,LONDRINA,41033280,"TSURU OGUIDO, C E C-M-EF M",Ativo
NUCLEO REG. EDUCACAO - LONDRINA                             ,LONDRINA,41033302,"UBEDULHA C OLIVEIRA, CE PROF-EFM ETI P N",Ativo
NUCLEO REG. EDUCACAO - LONDRINA                             ,IBIPORA,41144252,"ULYSSES GUIMARAES, C E C-M-EF M",Ativo
NUCLEO REG. EDUCACAO - LONDRINA                             ,IBIPORA,41029445,"UNIDADE P KAROLINE V A LUAN A S,C E-EFMP",Ativo
NUCLEO REG. EDUCACAO - LONDRINA                             ,CAMBE,41143540,"VALDIR U DE AZEVEDO, E E-EF",Ativo
NUCLEO REG. EDUCACAO - LONDRINA                             ,LONDRINA,41033370,"VANI RUIZ VIESSI, C E C-M PROFA-EF M",Ativo
NUCLEO REG. EDUCACAO - LONDRINA                             ,BELA VISTA DO PARAISO,41021592,"VARGAS, C E C-M PRES-EF M",Ativo
NUCLEO REG. EDUCACAO - LONDRINA                             ,LONDRINA,41033396,"VICENTE RIJO, C E-EF ETI EM P",Ativo
NUCLEO REG. EDUCACAO - LONDRINA                             ,PRIMEIRO DE MAIO,41022190,"VILA GANDHI, E E C-EF",Ativo
NUCLEO REG. EDUCACAO - LONDRINA                             ,LONDRINA,41159586,"VISTA BELA, C E C-M-EF M PROFIS",Ativo
NUCLEO REG. EDUCACAO - LONDRINA                             ,JAGUAPITA,41020170,"WALDEMIRO PEDROSO, E E DR-EF",Ativo
NUCLEO REG. EDUCACAO - LONDRINA                             ,LONDRINA,41406621,"WARTA, C E DA-EF ETI EM",Ativo
NUCLEO REG. EDUCACAO - LONDRINA                             ,LONDRINA,41033434,"WILLIE DAVIDS, C E DR-EF M ETI",Ativo
NUCLEO REG. EDUCACAO - LONDRINA                             ,LONDRINA,41030486,"WISTREMUNDO R P GARCIA, C E C-M PE-EFM P",Ativo
NUCLEO REG. EDUCACAO - MARINGA                              ,MARINGA,41023536,"ADAILE M LEITE, C E-EF M PROFIS",Ativo
NUCLEO REG. EDUCACAO - MARINGA                              ,ASTORGA,41018982,"ADOLPHO O FRANCO, C E GOV- EF M PROFIS",Ativo
NUCLEO REG. EDUCACAO - MARINGA                              ,MARINGA,41023552,"ALBERTO J BYINGTON JR, C EC-M-EF M PROFI",Ativo
NUCLEO REG. EDUCACAO - MARINGA                              ,MARINGA,41023560,"ALFREDO MOISES MALUF, C E-EF M PROFIS",Ativo
NUCLEO REG. EDUCACAO - MARINGA                              ,SARANDI,41025059,"ANTONIO FCO LISBOA, C E-EF M PROFIS",Ativo
NUCLEO REG. EDUCACAO - MARINGA                              ,MARINGA,41024419,"APLICACAO PED DA UEM, C DE-EF M",Ativo
NUCLEO REG. EDUCACAO - MARINGA                              ,FLORESTA,41022750,"ARTHUR C E SILVA, E E C-M PRES-EF",Ativo
NUCLEO REG. EDUCACAO - MARINGA                              ,SANTA FE,41020898,"ARTHUR DA C E SILVA, C E MAL-EF M PROFIS",Ativo
NUCLEO REG. EDUCACAO - MARINGA                              ,ANGULO,41018966,"BASILIO PERTSEW, C E-EF ETI EM",Ativo
NUCLEO REG. EDUCACAO - MARINGA                              ,MARIALVA,41023226,"BENEDITO R DE SOUZA, E E C -EF",Ativo
NUCLEO REG. EDUCACAO - MARINGA                              ,OURIZONA,41022890,"BENOIL F M BOSKA, C E PROF-EF M ETI",Ativo
NUCLEO REG. EDUCACAO - MARINGA                              ,MARINGA,41023706,"BRANCA DA MOTA FERNANDES, C E-EF M PROFI",Ativo
NUCLEO REG. EDUCACAO - MARINGA                              ,MARINGA,41023714,"BRASILIO ITIBERE, C E-EF M ETI",Ativo
NUCLEO REG. EDUCACAO - MARINGA                              ,DOUTOR CAMARGO,41022548,"CAMARGO, C E DR-EF M ETI",Ativo
NUCLEO REG. EDUCACAO - MARINGA                              ,MARINGA,41023811,"CAXIAS, C E C-M DQ DE-EF M PROFIS",Ativo
NUCLEO REG. EDUCACAO - MARINGA                              ,COLORADO,41019652,"CECILIA MEIRELES, C E C-M-EF M PROFIS",Ativo
NUCLEO REG. EDUCACAO - MARINGA                              ,SANTA FE,41020910,"CECILIA MEIRELES, E E C-M-EF",Ativo
NUCLEO REG. EDUCACAO - MARINGA                              ,COLORADO,41143876,CEEBJA DE COLORADO-EF M,Ativo
NUCLEO REG. EDUCACAO - MARINGA                              ,MARINGA,41144759,CEEBJA PROF MANOEL R SILVA-EF M,Ativo
NUCLEO REG. EDUCACAO - MARINGA                              ,MARINGA,41357531,CEEBJA PROFA TOMIRES M CARVALHO-EF M,Ativo
NUCLEO REG. EDUCACAO - MARINGA                              ,SARANDI,41357523,CEEBJA SARANDI-EF M,Ativo
NUCLEO REG. EDUCACAO - MARINGA                              ,COLORADO,41168208,CENTRO EST ED PROF AGRIC AGROEDUCAR,Ativo
NUCLEO REG. EDUCACAO - MARINGA                              ,MARINGA,41167155,CENTRO EST ED PROF PE JOSEIR SVERSUTTI,Ativo
NUCLEO REG. EDUCACAO - MARINGA                              ,MARIALVA,41144872,"CONJUNTO JOAO DE BARRO, C E-EF M",Ativo
NUCLEO REG. EDUCACAO - MARINGA                              ,SARANDI,41145500,"CORA CORALINA, C E C-M-EF M PROFIS",Ativo
NUCLEO REG. EDUCACAO - MARINGA                              ,IGUARACU,41019920,"CYRO P DE CAMARGO, C E-EF M",Ativo
NUCLEO REG. EDUCACAO - MARINGA                              ,FLORIDA,41019814,"DENISE C ALBUQUERQUE, CE PROFA-EF M ETI",Ativo
NUCLEO REG. EDUCACAO - MARINGA                              ,MARINGA,41023927,"DIRCE DE A MAIA, C E-EF M ETI",Ativo
NUCLEO REG. EDUCACAO - MARINGA                              ,ASTORGA,41019083,"EGIDIO BALLAROTTI, C E-EF ETI EM",Ativo
NUCLEO REG. EDUCACAO - MARINGA                              ,MARINGA,41023978,"ELVIRA B DOS SANTOS, E E-EF ETI",Ativo
NUCLEO REG. EDUCACAO - MARINGA                              ,MARIALVA,41023242,"FELIPE S BITTENCOURT, C E DR-EF ETI EM",Ativo
NUCLEO REG. EDUCACAO - MARINGA                              ,MARINGA,41147537,"FLORIANO, E E C DE-EF",Ativo
NUCLEO REG. EDUCACAO - MARINGA                              ,MANDAGUACU,41020286,"FRANCISCO J PERIOTO, E E C-M PROF-EF",Ativo
NUCLEO REG. EDUCACAO - MARINGA                              ,MARINGA,41024044,"GASTAO VIDIGAL, C E DR-EF M PROFIS",Ativo
NUCLEO REG. EDUCACAO - MARINGA                              ,ITAMBE,41022831,"GIAMPERO MONACCI, E E PROF-E ETI",Ativo
NUCLEO REG. EDUCACAO - MARINGA                              ,PAICANDU,41024915,"HEITOR DE A FURTADO, E E-EF ETI",Ativo
NUCLEO REG. EDUCACAO - MARINGA                              ,SARANDI,41384717,"HELENA KOLODY, C E-EF M P",Ativo
NUCLEO REG. EDUCACAO - MARINGA                              ,FLORAI,41022696,"HONORIO FAGAN, E E-EF ETI",Ativo
NUCLEO REG. EDUCACAO - MARINGA                              ,ATALAIA,41019296,"HUMBERTO DE CAMPOS, C E-EF M ETI",Ativo
NUCLEO REG. EDUCACAO - MARINGA                              ,MARINGA,41024060,INST ED E MARINGA-EF M N PROFIS,Ativo
NUCLEO REG. EDUCACAO - MARINGA                              ,MARINGA,41024079,"IPIRANGA, C E C-M-EF M",Ativo
NUCLEO REG. EDUCACAO - MARINGA                              ,NOSSA SENHORA DAS GRACAS,41020553,"IVAN F A SILVA FILHO, C E DR-EF M ETI",Ativo
NUCLEO REG. EDUCACAO - MARINGA                              ,PAICANDU,41024923,"IZABEL, C E C-M PRINC-EFM",Ativo
NUCLEO REG. EDUCACAO - MARINGA                              ,SARANDI,41025105,"JARDIM INDEPENDENCIA, C E DO-EF M PROFIS",Ativo
NUCLEO REG. EDUCACAO - MARINGA                              ,SARANDI,41025113,"JARDIM PANORAMA, C E-EF M PROFIS",Ativo
NUCLEO REG. EDUCACAO - MARINGA                              ,SARANDI,41148517,"JARDIM UNIVERSITARIO, C E-EF M PROFIS",Ativo
NUCLEO REG. EDUCACAO - MARINGA                              ,MARINGA,41024125,"JOAO DE F PIOLI, C E-EF M P",Ativo
NUCLEO REG. EDUCACAO - MARINGA                              ,PAICANDU,41024940,"JOSE DE ANCHIETA, C E C-EF M",Ativo
NUCLEO REG. EDUCACAO - MARINGA                              ,MUNHOZ DE MELLO,41020499,"JOSE F SALDANHA, C E ENG-EF  ETI",Ativo
NUCLEO REG. EDUCACAO - MARINGA                              ,MANDAGUARI,41023080,"JOSE LUIZ GORI, C E-EF M PROFIS",Ativo
NUCLEO REG. EDUCACAO - MARINGA                              ,MARIALVA,41023315,"JURACY R S ROCHA, C E-EF M PROFIS",Ativo
NUCLEO REG. EDUCACAO - MARINGA                              ,MARINGA,41024192,"JUSCELINO K OLIVEIRA, C E-EF M ETI",Ativo
NUCLEO REG. EDUCACAO - MARINGA                              ,MARINGA,41024206,"KENNEDY, C E PRES-EF ETI EM P",Ativo
NUCLEO REG. EDUCACAO - MARINGA                              ,SARANDI,41162030,"LUIZ ZANCHIM, C E C-M VER-EF M PROFIS",Ativo
NUCLEO REG. EDUCACAO - MARINGA                              ,MANDAGUACU,41353218,MANDAGUACU-C E DE-EF M,Ativo
NUCLEO REG. EDUCACAO - MARINGA                              ,SANTO INACIO,41021010,"MANOEL F ALMEIDA, E E C-M DR-EF",Ativo
NUCLEO REG. EDUCACAO - MARINGA                              ,SAO JORGE DO IVAI,41022955,"MARCIA VAZ T ABREU, C E-EF M ETI",Ativo
NUCLEO REG. EDUCACAO - MARINGA                              ,MARINGA,41024281,"MARCO A PIMENTA, C E C-M -EFMP",Ativo
NUCLEO REG. EDUCACAO - MARINGA                              ,PRESIDENTE CASTELO BRANCO,41020871,"MARIA C N DE SOUZA, C E-EF ETI",Ativo
NUCLEO REG. EDUCACAO - MARINGA                              ,COLORADO,41019741,"MONTEIRO LOBATO, C E-EF ETI EM P",Ativo
NUCLEO REG. EDUCACAO - MARINGA                              ,FLORESTA,41022793,"MONTEIRO LOBATO, C E-EF M PROFIS",Ativo
NUCLEO REG. EDUCACAO - MARINGA                              ,PAICANDU,41024931,"NEIDE BERTASSO BERALDO, C E-EF M PROFIS",Ativo
NUCLEO REG. EDUCACAO - MARINGA                              ,ITAMBE,41022840,"OLAVO BILAC, C E-EF M",Ativo
NUCLEO REG. EDUCACAO - MARINGA                              ,SARANDI,41025237,"OLAVO BILAC, C E-EF M ETI P N",Ativo
NUCLEO REG. EDUCACAO - MARINGA                              ,LOBATO,41020189,"OSVALDO ARANHA, E E C-M - EF ETI",Ativo
NUCLEO REG. EDUCACAO - MARINGA                              ,PAICANDU,41024982,"PAICANDU, C E-EF M N PROFIS",Ativo
NUCLEO REG. EDUCACAO - MARINGA                              ,MANDAGUACU,41020367,"PARIGOT DE SOUZA, C E-EF M N PROFIS",Ativo
NUCLEO REG. EDUCACAO - MARINGA                              ,MARINGA,41024494,"PARQUE ITAIPU, C E DO-EF ETI EM",Ativo
NUCLEO REG. EDUCACAO - MARINGA                              ,SANTO INACIO,41021037,"PEDRO I, C E D-EF M PROFIS",Ativo
NUCLEO REG. EDUCACAO - MARINGA                              ,MARIALVA,41023382,"PEDRO V PARIGOT SOUZA, C E C-M-EF M P",Ativo
NUCLEO REG. EDUCACAO - MARINGA                              ,MARINGA,41160517,"POL MILITAR, C DA-EF M",Ativo
NUCLEO REG. EDUCACAO - MARINGA                              ,MARINGA,41024630,"RODRIGUES ALVES, C E-EF M ETI",Ativo
NUCLEO REG. EDUCACAO - MARINGA                              ,MARIALVA,41023439,"ROMARIO MARTINS, C E-EF ETI EM",Ativo
NUCLEO REG. EDUCACAO - MARINGA                              ,MARINGA,41024656,"RUI BARBOSA, C E-EF M",Ativo
NUCLEO REG. EDUCACAO - MARINGA                              ,LOBATO,41020197,"RUI BARBOSA, C E-EM ETI",Ativo
NUCLEO REG. EDUCACAO - MARINGA                              ,ASTORGA,41019202,"RUI BARBOSA, E E-EF",Ativo
NUCLEO REG. EDUCACAO - MARINGA                              ,MANDAGUARI,41144937,"SANTA CLARA, CEEBJA-EF EM",Ativo
NUCLEO REG. EDUCACAO - MARINGA                              ,MARINGA,41024680,"SANTA MARIA GORETTI, C E-EF M PROFIS",Ativo
NUCLEO REG. EDUCACAO - MARINGA                              ,IVATUBA,41022874,"SAO FRANCISCO DE ASSIS, C E-EF M ETI",Ativo
NUCLEO REG. EDUCACAO - MARINGA                              ,MANDAGUARI,41023161,"SAO VICENTE PALLOTTI, C E C-M-EF M P",Ativo
NUCLEO REG. EDUCACAO - MARINGA                              ,ASTORGA,41019229,"SERAFIM FRANCA, C E C-M-EF M PROFIS",Ativo
NUCLEO REG. EDUCACAO - MARINGA                              ,MARINGA,41024729,"SILVIO M BARROS, C E-EF M",Ativo
NUCLEO REG. EDUCACAO - MARINGA                              ,MARINGA,41024761,"TANCREDO DE A NEVES, C E-EF M PROFIS",Ativo
NUCLEO REG. EDUCACAO - MARINGA                              ,MARINGA,41357000,"TANIA V FERREIRA, C E-EF M PROFIS",Ativo
NUCLEO REG. EDUCACAO - MARINGA                              ,COLORADO,41019776,"TEREZA CRISTINA, C E C-EF M",Ativo
NUCLEO REG. EDUCACAO - MARINGA                              ,MARINGA,41024788,"THEOBALDO M SANTOS, C E-EF M",Ativo
NUCLEO REG. EDUCACAO - MARINGA                              ,MARINGA,41024796,"TOMAZ E DE A VIEIRA, C E C-M-EF M PROFIS",Ativo
NUCLEO REG. EDUCACAO - MARINGA                              ,MARINGA,41024834,"UNIDADE POLO, C E-EF M ETI P",Ativo
NUCLEO REG. EDUCACAO - MARINGA                              ,FLORAI,41022742,"URBANO PEDRONI, C E-EM ETI",Ativo
NUCLEO REG. EDUCACAO - MARINGA                              ,MANDAGUARI,41023188,"VERA CRUZ, C E-EF M ETI P N",Ativo
NUCLEO REG. EDUCACAO - MARINGA                              ,PAICANDU,41025040,"VERCINDES G DOS REIS, C E C-M-EF M PROFI",Ativo
NUCLEO REG. EDUCACAO - MARINGA                              ,ASTORGA,41019261,"VERISSIMO DE SOUZA, E E-EF",Ativo
NUCLEO REG. EDUCACAO - MARINGA                              ,MARINGA,41024869,"VINICIUS DE MORAES, C E C-M-EF M",Ativo
NUCLEO REG. EDUCACAO - MARINGA                              ,MARINGA,41024877,"VITAL BRASIL, C E-EF M",Ativo
NUCLEO REG. EDUCACAO - PARANAGUA                            ,GUARATUBA,41139887,"29 DE ABRIL, C E C-M-EF M P",Ativo
NUCLEO REG. EDUCACAO - PARANAGUA                            ,MATINHOS,41139895,"ABIGAIL DOS S CORREA, E E C-M PROFA-EF",Ativo
NUCLEO REG. EDUCACAO - PARANAGUA                            ,PARANAGUA,41140370,"ALBERTO GOMES VEIGA, C E-EM PROFIS",Ativo
NUCLEO REG. EDUCACAO - PARANAGUA                            ,PARANAGUA,41407024,"ALEXANDRA, C E C DE-EF M PROFIS",Ativo
NUCLEO REG. EDUCACAO - PARANAGUA                            ,ANTONINA,41407245,"ALTAHIR GONCALVES, C E PROFA-EF M",Ativo
NUCLEO REG. EDUCACAO - PARANAGUA                            ,GUARATUBA,41373936,"ANIBAL KHURY, C E DEP-E F M P",Ativo
NUCLEO REG. EDUCACAO - PARANAGUA                            ,PARANAGUA,41150899,"ANTONIO PAULO LOPES, C E C-EF M",Ativo
NUCLEO REG. EDUCACAO - PARANAGUA                            ,PARANAGUA,41140443,"ARTHUR M RAMOS, C E DR-EF M",Ativo
NUCLEO REG. EDUCACAO - PARANAGUA                            ,PARANAGUA,41140494,"BENTO M DA ROCHA NETO, C E-EF M P",Ativo
NUCLEO REG. EDUCACAO - PARANAGUA                            ,PARANAGUA,41140524,"CARMEN COSTA ADRIANO, C E PROF-EF M",Ativo
NUCLEO REG. EDUCACAO - PARANAGUA                            ,PARANAGUA,41357345,CEEBJA DE PARANAGUA - EFM,Ativo
NUCLEO REG. EDUCACAO - PARANAGUA                            ,ANTONINA,41387325,CENTRO EST ED PROFIS DR BRASILIO MACHADO,Ativo
NUCLEO REG. EDUCACAO - PARANAGUA                            ,PARANAGUA,41140567,"CIDALIA REBELLO GOMES, C E-E F M P",Ativo
NUCLEO REG. EDUCACAO - PARANAGUA                            ,GUARATUBA,41139593,"CUBATAO, C E C - EF ETI EM",Ativo
NUCLEO REG. EDUCACAO - PARANAGUA                            ,PARANAGUA,41140605,"DIDIO A DE C VIANA, E E C-M-EF",Ativo
NUCLEO REG. EDUCACAO - PARANAGUA                            ,MORRETES,41148800,"DIONEL CHARELLO, C E VER-EF M",Ativo
NUCLEO REG. EDUCACAO - PARANAGUA                            ,MORRETES,41157397,"EMILIA JERA POTY, E E I-EI EF",Ativo
NUCLEO REG. EDUCACAO - PARANAGUA                            ,PARANAGUA,41140664,"FARIA SOBRINHO, E E C-M-EF",Ativo
NUCLEO REG. EDUCACAO - PARANAGUA                            ,PARANAGUA,41150848,"FELIPE VALENTIM, C E C -EF M",Ativo
NUCLEO REG. EDUCACAO - PARANAGUA                            ,MATINHOS,41139976,"GABRIEL DE LARA, C E-EF M PROF",Ativo
NUCLEO REG. EDUCACAO - PARANAGUA                            ,GUARATUBA,41139623,"GRATULINO DE FREITAS, C E-EF M N PROF",Ativo
NUCLEO REG. EDUCACAO - PARANAGUA                            ,PONTAL DO PARANA,41160622,"GUAVIRA POTY, E E IND-EI EF",Ativo
NUCLEO REG. EDUCACAO - PARANAGUA                            ,PARANAGUA,41140729,"HELENA VIANA SUNDIN, C E C-M-EF M",Ativo
NUCLEO REG. EDUCACAO - PARANAGUA                            ,PONTAL DO PARANA,41361563,"HELIO ANTONIO DE SOUZA, C E C-M-EF M",Ativo
NUCLEO REG. EDUCACAO - PARANAGUA                            ,ANTONINA,41138783,"HIRAM ROLIM LAMAS, C E C - EFM ETI",Ativo
NUCLEO REG. EDUCACAO - PARANAGUA                            ,GUARAQUECABA,41598067,"ILHA DAS PECAS, C E C-EF M",Ativo
NUCLEO REG. EDUCACAO - PARANAGUA                            ,GUARAQUECABA,41598075,"ILHA DE SUPERAGUI, C E C-EF M",Ativo
NUCLEO REG. EDUCACAO - PARANAGUA                            ,PARANAGUA,41160746,"ILHA DO TEIXEIRA, C E DO C EF M",Ativo
NUCLEO REG. EDUCACAO - PARANAGUA                            ,GUARAQUECABA,41598083,"ILHA RASA, C E C-EF M",Ativo
NUCLEO REG. EDUCACAO - PARANAGUA                            ,PARANAGUA,41140516,INST E ED DR CAETANO M ROCHA-EF M N P,Ativo
NUCLEO REG. EDUCACAO - PARANAGUA                            ,GUARAQUECABA,41151364,"ISMAEL X CHAGAS DE TIBICANGA, C E C-EF M",Ativo
NUCLEO REG. EDUCACAO - PARANAGUA                            ,GUARATUBA,41139658,"JOAQUIM DA S MAFRA, C E PREF-EF M PROF",Ativo
NUCLEO REG. EDUCACAO - PARANAGUA                            ,GUARAQUECABA,41146980,"JORGE DIAS, E E C - EF",Ativo
NUCLEO REG. EDUCACAO - PARANAGUA                            ,PARANAGUA,41140788,"JOSE BONIFACIO, C E C-M - EFM ETI P",Ativo
NUCLEO REG. EDUCACAO - PARANAGUA                            ,GUARAQUECABA,41147936,"KUARAY GUATA PORA, C E I - EI EF M",Ativo
NUCLEO REG. EDUCACAO - PARANAGUA                            ,GUARATUBA,41366204,"LEA GERMANA MONTEIRO, E E-EF",Ativo
NUCLEO REG. EDUCACAO - PARANAGUA                            ,PARANAGUA,41382781,"LUCY R M E SILVA, C E C-EF M",Ativo
NUCLEO REG. EDUCACAO - PARANAGUA                            ,GUARAQUECABA,41139186,"MARCILIO DIAS, C E-EF M N",Ativo
NUCLEO REG. EDUCACAO - PARANAGUA                            ,ANTONINA,41138856,"MARIA ARMINDA, C E PROF-EF M PROFIS",Ativo
NUCLEO REG. EDUCACAO - PARANAGUA                            ,PARANAGUA,41366611,"MARIA DE L R MOROZOWSKI, C E PROF-EF M P",Ativo
NUCLEO REG. EDUCACAO - PARANAGUA                            ,PONTAL DO PARANA,41373375,"MARIA HELENA T LUCIANO,CE C-M PROF-EFMNP",Ativo
NUCLEO REG. EDUCACAO - PARANAGUA                            ,ANTONINA,41138880,"MOYSES LUPION, C E C-M-EF M N PROFIS",Ativo
NUCLEO REG. EDUCACAO - PARANAGUA                            ,MATINHOS,41373650,"MUSTAFA SALOMAO, C E-EF M",Ativo
NUCLEO REG. EDUCACAO - PARANAGUA                            ,MORRETES,41598091,"OSNY DAVID FRAGA, C E VER-EM",Ativo
NUCLEO REG. EDUCACAO - PARANAGUA                            ,PONTAL DO PARANA,41396030,"PAULO FREIRE, C E PROF-E F M ETI N",Ativo
NUCLEO REG. EDUCACAO - PARANAGUA                            ,PARANAGUA,41366549,"PINDOTY, C E I-EI EF M",Ativo
NUCLEO REG. EDUCACAO - PARANAGUA                            ,PARANAGUA,41532147,"PORTO SEGURO, C E-EF M PROFIS",Ativo
NUCLEO REG. EDUCACAO - PARANAGUA                            ,PARANAGUA,41150830,"POVOADO SAO MIGUEL, C E C - EFM",Ativo
NUCLEO REG. EDUCACAO - PARANAGUA                            ,PARANAGUA,41141121,"REGINA M B DE MELLO, C E PROFA-EF M",Ativo
NUCLEO REG. EDUCACAO - PARANAGUA                            ,PONTAL DO PARANA,41396022,"RENEE CARVALHO DE AMORIM, C E PROF-EFM P",Ativo
NUCLEO REG. EDUCACAO - PARANAGUA                            ,ANTONINA,41138937,"ROCHA POMBO, C E-EF M ETI P",Ativo
NUCLEO REG. EDUCACAO - PARANAGUA                            ,MORRETES,41140311,"ROCHA POMBO, C E-EF M N PROFIS",Ativo
NUCLEO REG. EDUCACAO - PARANAGUA                            ,PARANAGUA,41141156,"ROQUE VERNALHA, E E DR-EF",Ativo
NUCLEO REG. EDUCACAO - PARANAGUA                            ,MATINHOS,41140052,"SERTAOZINHO, C E C-M-EF M N PROFIS",Ativo
NUCLEO REG. EDUCACAO - PARANAGUA                            ,PONTAL DO PARANA,41141091,"SULLY DA R VILARINHO, C E PROFA-EF M",Ativo
NUCLEO REG. EDUCACAO - PARANAGUA                            ,GUARAQUECABA,41139488,"TAGACABA PORTO DA LINHA, C E C DE-EF M",Ativo
NUCLEO REG. EDUCACAO - PARANAGUA                            ,MATINHOS,41140060,"TEREZA DA S RAMOS, C E PROFA-EF M",Ativo
NUCLEO REG. EDUCACAO - PARANAGUA                            ,PARANAGUA,41366620,"VIDAL VANHONI, C E C-M PROF -EFM",Ativo
NUCLEO REG. EDUCACAO - PARANAGUA                            ,PARANAGUA,41141288,"ZILAH DOS S BATISTA, CEC-M PROFA-EFMP",Ativo
NUCLEO REG. EDUCACAO - PARANAGUA                            ,GUARATUBA,41598105,"ZILDA ARNS NEUMANN, C E DRA-EF M",Ativo
NUCLEO REG. EDUCACAO - PARANAVAI                            ,PARANAVAI,41001940,"ADELIA ROSSI ARNALDI, C E C-EF M",Ativo
NUCLEO REG. EDUCACAO - PARANAVAI                            ,ALTO PARANA,41000021,"AGOSTINHO STEFANELLO, E E C-M-EF",Ativo
NUCLEO REG. EDUCACAO - PARANAVAI                            ,PARANACITY,41001869,"ANTONIO TORTATO, C E-EM N PROFIS",Ativo
NUCLEO REG. EDUCACAO - PARANAVAI                            ,PARANAVAI,41002024,"BENTO M DA R NETO, C E PROF-EF M PROFIS",Ativo
NUCLEO REG. EDUCACAO - PARANAVAI                            ,NOVA ALIANCA DO IVAI,41001451,"CAETANO M DA ROCHA, C E DR-EF M",Ativo
NUCLEO REG. EDUCACAO - PARANAVAI                            ,GUAIRACA,41000684,"CANDIDO B FORTES, C E-EM",Ativo
NUCLEO REG. EDUCACAO - PARANAVAI                            ,SAO JOAO DO CAIUA,41003748,"CARLOS GOMES, C E-EF M",Ativo
NUCLEO REG. EDUCACAO - PARANAVAI                            ,SANTO ANTONIO DO CAIUA,41003632,"CAXIAS, C E DQ DE-EF M ETI",Ativo
NUCLEO REG. EDUCACAO - PARANAVAI                            ,PARANAVAI,41145275,CEEBJA DE PARANAVAI - EF M,Ativo
NUCLEO REG. EDUCACAO - PARANAVAI                            ,PARANAVAI,41168186,CEEPA DE PARANAVAI,Ativo
NUCLEO REG. EDUCACAO - PARANAVAI                            ,NOVA ESPERANCA,41168194,CEEPA IRINEU MENEGUETTE,Ativo
NUCLEO REG. EDUCACAO - PARANAVAI                            ,NOVA ESPERANCA,41020642,"COSTA MONTEIRO, C E-EF ETI EM",Ativo
NUCLEO REG. EDUCACAO - PARANAVAI                            ,PARANAVAI,41002083,"CURITIBA, C E-EF M ETI",Ativo
NUCLEO REG. EDUCACAO - PARANAVAI                            ,TAMBOARA,41003888,"DUILIO T BELTRAO, C E DR-EF M ETI",Ativo
NUCLEO REG. EDUCACAO - PARANAVAI                            ,PARANAVAI,41002130,"ENIRA MORAES RIBEIRO, C E-EF M ETI P",Ativo
NUCLEO REG. EDUCACAO - PARANAVAI                            ,CRUZEIRO DO SUL,41000382,"EURIDES C TENORIO, E E-EF",Ativo
NUCLEO REG. EDUCACAO - PARANAVAI                            ,PARANAVAI,41002148,"FLAUZINA DIAS VIEGAS, C E C-M-EF M",Ativo
NUCLEO REG. EDUCACAO - PARANAVAI                            ,NOVA ESPERANCA,41020685,"FRANCISCO P X LOPES, E E CON-EF",Ativo
NUCLEO REG. EDUCACAO - PARANAVAI                            ,UNIFLOR,41021053,"HERVAL, C E MQ DE-EF M",Ativo
NUCLEO REG. EDUCACAO - PARANAVAI                            ,GUAIRACA,41000757,"HUMBERTO A C BRANCO, C E-EF M",Ativo
NUCLEO REG. EDUCACAO - PARANAVAI                            ,TERRA RICA,41003969,"JAMES P CLARK, C E-EF M N",Ativo
NUCLEO REG. EDUCACAO - PARANAVAI                            ,PARANAVAI,41002261,"JOSE DE ANCHIETA, C E C-EF M",Ativo
NUCLEO REG. EDUCACAO - PARANAVAI                            ,PARANAVAI,41002296,"LEONEL FRANCA, C E C-M-EF M PROFIS",Ativo
NUCLEO REG. EDUCACAO - PARANAVAI                            ,ITAGUAJE,41019989,"LOURDES A MELO, C E-EF M ETI",Ativo
NUCLEO REG. EDUCACAO - PARANAVAI                            ,NOVA ESPERANCA,41020766,"LUCENA, E E DO C BAR DE-EF ETI",Ativo
NUCLEO REG. EDUCACAO - PARANAVAI                            ,PARANAPOEMA,41001893,"LYSIMACO F DA COSTA, C E-EF M ETI",Ativo
NUCLEO REG. EDUCACAO - PARANAVAI                            ,PARANAVAI,41002318,"MANDIOCABA, E E C DE-EF",Ativo
NUCLEO REG. EDUCACAO - PARANAVAI                            ,PARANAVAI,41002326,"MARINS A DE CAMARGO, C E DR-EF M PROFIS",Ativo
NUCLEO REG. EDUCACAO - PARANAVAI                            ,ALTO PARANA,41000129,"MARISTELA, E E-EF",Ativo
NUCLEO REG. EDUCACAO - PARANAVAI                            ,TERRA RICA,41003977,"MONTEIRO LOBATO, E E C-EF ETI",Ativo
NUCLEO REG. EDUCACAO - PARANAVAI                            ,JARDIM OLINDA,41001044,"MONTOIA, C E PE-EF ETI EM",Ativo
NUCLEO REG. EDUCACAO - PARANAVAI                            ,PARANAVAI,41002342,"NEWTON GUIMARAES, C E E B J A-EF M",Ativo
NUCLEO REG. EDUCACAO - PARANAVAI                            ,AMAPORA,41000269,"OLAVO BILAC, C E-EF M",Ativo
NUCLEO REG. EDUCACAO - PARANAVAI                            ,PARAISO DO NORTE,41001745,"PARAISO DO NORTE, C E-EF M N",Ativo
NUCLEO REG. EDUCACAO - PARANAVAI                            ,PARANAVAI,41002415,"PARANAVAI, C E DE-EF M N PROFIS",Ativo
NUCLEO REG. EDUCACAO - PARANAVAI                            ,MIRADOR,41001427,"PEDRO V P DE SOUZA, C E-EF ETI EM",Ativo
NUCLEO REG. EDUCACAO - PARANAVAI                            ,ALTO PARANA,41000153,"RAINHA DA PAZ, C E-EF M PROFIS",Ativo
NUCLEO REG. EDUCACAO - PARANAVAI                            ,INAJA,41000927,"RIO BRANCO, C E BAR DO-EF M ETI",Ativo
NUCLEO REG. EDUCACAO - PARANAVAI                            ,CRUZEIRO DO SUL,41000480,"ROMARIO MARTINS, C E DR-EF M ETI",Ativo
NUCLEO REG. EDUCACAO - PARANAVAI                            ,SANTA INES,41020979,"SANTA INES, C E-EF M",Ativo
NUCLEO REG. EDUCACAO - PARANAVAI                            ,ALTO PARANA,41000170,"SANTA MARIA, E E C-EF",Ativo
NUCLEO REG. EDUCACAO - PARANAVAI                            ,TERRA RICA,41004051,"SANTO INACIO DE LOYOLA, E E C-M-EF",Ativo
NUCLEO REG. EDUCACAO - PARANAVAI                            ,PARANACITY,41001877,"SANTOS DUMONT, C E-EF M",Ativo
NUCLEO REG. EDUCACAO - PARANAVAI                            ,SAO CARLOS DO IVAI,41003713,"SAO CARLOS DO IVAI, C E-EF M ETI",Ativo
NUCLEO REG. EDUCACAO - PARANAVAI                            ,NOVA ESPERANCA,41020820,"SAO VICENTE DE PAULA, C E-EF M N PROFIS",Ativo
NUCLEO REG. EDUCACAO - PARANAVAI                            ,PARANAVAI,41002636,"SILVIO VIDAL, C E C-M-EF M PROFIS",Ativo
NUCLEO REG. EDUCACAO - PATO BRANCO                          ,CLEVELANDIA,41107055,"ABILIO CARNEIRO, C E-EF M PROFIS",Ativo
NUCLEO REG. EDUCACAO - PATO BRANCO                          ,PATO BRANCO,41093216,"AGOSTINHO PEREIRA, C E PROF-EF M PROFIS",Ativo
NUCLEO REG. EDUCACAO - PATO BRANCO                          ,PALMAS,41145569,"ALTO DA GLORIA, C E-EF M PROFIS",Ativo
NUCLEO REG. EDUCACAO - PATO BRANCO                          ,MANGUEIRINHA,41359488,"ANDRE GUIMARAES SOBRAL, C E C ENG-EF M",Ativo
NUCLEO REG. EDUCACAO - PATO BRANCO                          ,CORONEL DOMINGOS SOARES,41598130,"ANTONIO ARTEMIO FRANCA, C E C-EF M",Ativo
NUCLEO REG. EDUCACAO - PATO BRANCO                          ,CORONEL VIVIDA,41091710,"ARNALDO BUSATO, C E-EF M N PROFIS",Ativo
NUCLEO REG. EDUCACAO - PATO BRANCO                          ,MARIOPOLIS,41092970,"ARTHUR C E SILVA, C E PRES-EF M PROFIS",Ativo
NUCLEO REG. EDUCACAO - PATO BRANCO                          ,CORONEL DOMINGOS SOARES,41372786,"CANDIDO ROSSONI, C E C-EF M",Ativo
NUCLEO REG. EDUCACAO - PATO BRANCO                          ,PATO BRANCO,41093283,"CARLOS GOMES, C E-EF M PROFIS",Ativo
NUCLEO REG. EDUCACAO - PATO BRANCO                          ,ITAPEJARA DO OESTE,41092635,"CARLOS GOMES, E E C-EF",Ativo
NUCLEO REG. EDUCACAO - PATO BRANCO                          ,PALMAS,41108701,"CARLOS, C E D-EF ETI EM N P",Ativo
NUCLEO REG. EDUCACAO - PATO BRANCO                          ,PATO BRANCO,41093305,"CARMELA BORTOT, C E C-M-EF M",Ativo
NUCLEO REG. EDUCACAO - PATO BRANCO                          ,CORONEL VIVIDA,41091809,"CASTELO BRANCO, C E C-EF M ETI",Ativo
NUCLEO REG. EDUCACAO - PATO BRANCO                          ,CLEVELANDIA,41107152,"CASTELO BRANCO, C E C-M PRES-E F M",Ativo
NUCLEO REG. EDUCACAO - PATO BRANCO                          ,ITAPEJARA DO OESTE,41092643,"CASTELO BRANCO, C E-EF ETI EM P",Ativo
NUCLEO REG. EDUCACAO - PATO BRANCO                          ,BOM SUCESSO DO SUL,41090780,"CASTELO BRANCO, C E-EF M",Ativo
NUCLEO REG. EDUCACAO - PATO BRANCO                          ,PATO BRANCO,41093313,"CASTRO ALVES, C E C-M-EF M",Ativo
NUCLEO REG. EDUCACAO - PATO BRANCO                          ,CORONEL VIVIDA,41091825,"CAXIAS, C E DO C DQ-EF M",Ativo
NUCLEO REG. EDUCACAO - PATO BRANCO                          ,SAUDADE DO IGUACU,41094301,"CAXIAS, C E DQ DE-EF M PROFIS",Ativo
NUCLEO REG. EDUCACAO - PATO BRANCO                          ,CHOPINZINHO,41357469,CEEBJA CHOPINZINHO-EF M,Ativo
NUCLEO REG. EDUCACAO - PATO BRANCO                          ,PATO BRANCO,41357647,CEEBJA PATO BRANCO-EF M,Ativo
NUCLEO REG. EDUCACAO - PATO BRANCO                          ,CHOPINZINHO,41091159,"CELY TEREZA GREZZANA, C E C-EF ETI EM",Ativo
NUCLEO REG. EDUCACAO - PATO BRANCO                          ,CLEVELANDIA,41374037,CENTRO EST EDUC PROFIS ASSIS BRASIL,Ativo
NUCLEO REG. EDUCACAO - PATO BRANCO                          ,MANGUEIRINHA,41108124,"CONCEICAO L DE ALMEIDA, E E C-EF",Ativo
NUCLEO REG. EDUCACAO - PATO BRANCO                          ,PATO BRANCO,41093348,"CRISTO REI, C E-EF M",Ativo
NUCLEO REG. EDUCACAO - PATO BRANCO                          ,SAO JOAO,41093895,"DOIS IRMAOS, E E DO C-EF",Ativo
NUCLEO REG. EDUCACAO - PATO BRANCO                          ,MANGUEIRINHA,41108140,"DORIVAL CORDEIRO, C E DO C PROF-EF M",Ativo
NUCLEO REG. EDUCACAO - PATO BRANCO                          ,PALMAS,41388011,"EDUARDO, C E C-M MONS-EF M PROFIS",Ativo
NUCLEO REG. EDUCACAO - PATO BRANCO                          ,HONORIO SERPA,41364074,"ELIAS ABRAHAO, E E-EF",Ativo
NUCLEO REG. EDUCACAO - PATO BRANCO                          ,VITORINO,41094557,"HENRIQUE VICENZI, C E PE-EF M N PROFIS",Ativo
NUCLEO REG. EDUCACAO - PATO BRANCO                          ,MANGUEIRINHA,41108183,"HERCILIA F NASCIMENTO, CE PROF-EFM ETI P",Ativo
NUCLEO REG. EDUCACAO - PATO BRANCO                          ,ITAPEJARA DO OESTE,41092694,"ISIDORO DUMONT, E E C-M IR-EFM",Ativo
NUCLEO REG. EDUCACAO - PATO BRANCO                          ,CHOPINZINHO,41091191,"JOAO PAULO I, C E C-EF M",Ativo
NUCLEO REG. EDUCACAO - PATO BRANCO                          ,CLEVELANDIA,41107250,"JOAO XXIII, C E-EF M ETI P",Ativo
NUCLEO REG. EDUCACAO - PATO BRANCO                          ,CHOPINZINHO,41091221,"JOSE ARMIM MATTE, C E-EF M N PROFIS",Ativo
NUCLEO REG. EDUCACAO - PATO BRANCO                          ,SAO JOAO,41093941,"JOSE DE ANCHIETA, E E DO C-EF",Ativo
NUCLEO REG. EDUCACAO - PATO BRANCO                          ,VITORINO,41165888,"JOSE O BERTONCELLO, C E PROFESSOR-EF M",Ativo
NUCLEO REG. EDUCACAO - PATO BRANCO                          ,CLEVELANDIA,41107284,"JUPIRA G BONDERVALLE, E E C-EF",Ativo
NUCLEO REG. EDUCACAO - PATO BRANCO                          ,CHOPINZINHO,41091655,"JYKRE TAG, C E IND-EI EF M",Ativo
NUCLEO REG. EDUCACAO - PATO BRANCO                          ,MANGUEIRINHA,41108361,"KOKOJ TY HAN JA, C E I-EI EF M",Ativo
NUCLEO REG. EDUCACAO - PATO BRANCO                          ,CHOPINZINHO,41091302,"LINHA APARECIDA, E E DO C-EF",Ativo
NUCLEO REG. EDUCACAO - PATO BRANCO                          ,PALMAS,41531868,"MARIA J FERREIRA, CE QUILOMBOL-EF ETI EM",Ativo
NUCLEO REG. EDUCACAO - PATO BRANCO                          ,MANGUEIRINHA,41108272,"MISAEL F ARAUJO, C E CEL-EF M N PROFIS",Ativo
NUCLEO REG. EDUCACAO - PATO BRANCO                          ,CORONEL DOMINGOS SOARES,41363590,"MONTEIRO LOBATO, C E C-EF M",Ativo
NUCLEO REG. EDUCACAO - PATO BRANCO                          ,SULINA,41094450,"NESTOR DE CASTRO, C E-EF M",Ativo
NUCLEO REG. EDUCACAO - PATO BRANCO                          ,CLEVELANDIA,41598148,"NITOTU, C E IND-EI EF M",Ativo
NUCLEO REG. EDUCACAO - PATO BRANCO                          ,PATO BRANCO,41093470,"NOSSA SRA DO CARMO, E E C-EF",Ativo
NUCLEO REG. EDUCACAO - PATO BRANCO                          ,CHOPINZINHO,41091396,"NOVA VISAO, C E C-M-EF M PROFIS",Ativo
NUCLEO REG. EDUCACAO - PATO BRANCO                          ,CORONEL VIVIDA,41092198,"NUCLEO DE SANTA LUCIA, C E DO C DO-EF M",Ativo
NUCLEO REG. EDUCACAO - PATO BRANCO                          ,CLEVELANDIA,41107322,"ORESTES TONET, C E DO C PROF-EF M",Ativo
NUCLEO REG. EDUCACAO - PATO BRANCO                          ,PATO BRANCO,41093518,"PATO BRANCO, C E DE-EF M PROFIS N",Ativo
NUCLEO REG. EDUCACAO - PATO BRANCO                          ,PALMAS,41387112,"PAULO FREIRE, C E DO C-EF M",Ativo
NUCLEO REG. EDUCACAO - PATO BRANCO                          ,SAO JOAO,41094107,"PEDRO I, E E DO C D-EF",Ativo
NUCLEO REG. EDUCACAO - PATO BRANCO                          ,PATO BRANCO,41163184,"POL MILITAR, C DA-EF M",Ativo
NUCLEO REG. EDUCACAO - PATO BRANCO                          ,PALMAS,41109228,"PONCIANO J DE ARAUJO, C E PE-E F M P",Ativo
NUCLEO REG. EDUCACAO - PATO BRANCO                          ,HONORIO SERPA,41107802,"PROJETO RONDON, C E-EF M PROFIS",Ativo
NUCLEO REG. EDUCACAO - PATO BRANCO                          ,PATO BRANCO,41093607,"RUI BARBOSA, C E C-M-EF M",Ativo
NUCLEO REG. EDUCACAO - PATO BRANCO                          ,CORONEL DOMINGOS SOARES,41109244,"SANTA CATARINA, C E-EF M P N",Ativo
NUCLEO REG. EDUCACAO - PATO BRANCO                          ,CHOPINZINHO,41143728,"SANTA INES, C E C-EF ETI EM",Ativo
NUCLEO REG. EDUCACAO - PATO BRANCO                          ,PATO BRANCO,41093666,"SAO JOAO BOSCO, C E C-M-EF M P",Ativo
NUCLEO REG. EDUCACAO - PATO BRANCO                          ,PATO BRANCO,41093259,"SAO JOAO, C E-EF M ETI",Ativo
NUCLEO REG. EDUCACAO - PATO BRANCO                          ,SAO JOAO,41094212,"SAO LUIS, C E DO C-EF M",Ativo
NUCLEO REG. EDUCACAO - PATO BRANCO                          ,CHOPINZINHO,41091523,"SAO LUIZ, E E C-EF ETI",Ativo
NUCLEO REG. EDUCACAO - PATO BRANCO                          ,PATO BRANCO,41093267,"SAO ROQUE, C E DO C-EF ETI EM",Ativo
NUCLEO REG. EDUCACAO - PATO BRANCO                          ,PATO BRANCO,41093690,"SAO VICENTE DE PAULO, C E-EF M PROFIS",Ativo
NUCLEO REG. EDUCACAO - PATO BRANCO                          ,PALMAS,41109422,"SEBASTIAO PARANA, C E C-M-EF M PROFIS",Ativo
NUCLEO REG. EDUCACAO - PATO BRANCO                          ,PALMAS,41108809,"SEGSO TANH SA, C E I-EI EF M",Ativo
NUCLEO REG. EDUCACAO - PATO BRANCO                          ,CORONEL VIVIDA,41092538,"TANCREDO NEVES, C E C-M-EF M",Ativo
NUCLEO REG. EDUCACAO - PATO BRANCO                          ,SAO JOAO,41094255,"TANCREDO NEVES, C E-EF M PROFIS",Ativo
NUCLEO REG. EDUCACAO - PATO BRANCO                          ,CLEVELANDIA,41107527,"TEREZINHA R DA ROCHA, CE PROFA-EF ETI EM",Ativo
NUCLEO REG. EDUCACAO - PATO BRANCO                          ,MANGUEIRINHA,41108531,"VALENCIO DIAS, E E C CEL-EF ETI",Ativo
NUCLEO REG. EDUCACAO - PATO BRANCO                          ,CHOPINZINHO,41091639,"VERA TUPA, C E IND-EI EF M",Ativo
NUCLEO REG. EDUCACAO - PATO BRANCO                          ,MANGUEIRINHA,41108540,"VILMA S DISSENHA, C E C PROFA-EF M",Ativo
NUCLEO REG. EDUCACAO - PITANGA                              ,MATO RICO,41095065,"ADELIA BIANCO SEGURO, C E-EF M ETI",Ativo
NUCLEO REG. EDUCACAO - PITANGA                              ,BOA VENTURA DE SAO ROQUE,41095936,"ADONIS MORSKI, C E-EF M PROFIS",Ativo
NUCLEO REG. EDUCACAO - PITANGA                              ,PITANGA,41096053,"ANTONIO DORIGON, C E-EF M PROFIS",Ativo
NUCLEO REG. EDUCACAO - PITANGA                              ,NOVA TEBAS,41039343,"ARI KFFURI, C E C-EF M",Ativo
NUCLEO REG. EDUCACAO - PITANGA                              ,PITANGA,41382404,"ARROIO GRANDE, C E C-EF M",Ativo
NUCLEO REG. EDUCACAO - PITANGA                              ,PITANGA,41096126,"AURELIO B DE HOLANDA, C E C - E F M",Ativo
NUCLEO REG. EDUCACAO - PITANGA                              ,MATO RICO,41372514,"BELA VISTA, C E C-EF M",Ativo
NUCLEO REG. EDUCACAO - PITANGA                              ,NOVA TEBAS,41039408,"CARLOS DRUMMOND DE ANDRADE, CE EF ETI EM",Ativo
NUCLEO REG. EDUCACAO - PITANGA                              ,PITANGA,41145585,CEEBJA CASTURINA C BONFIM-EF M,Ativo
NUCLEO REG. EDUCACAO - PITANGA                              ,PITANGA,41155190,CENTRO EST ED PROFIS PF MIGUEL C PAROLO,Ativo
NUCLEO REG. EDUCACAO - PITANGA                              ,LARANJAL,41373006,"CHAPADAO, C E C - EF M",Ativo
NUCLEO REG. EDUCACAO - PITANGA                              ,SANTA MARIA DO OESTE,41148649,"ESTRELA DO OESTE, C E C-EF M",Ativo
NUCLEO REG. EDUCACAO - PITANGA                              ,SANTA MARIA DO OESTE,41383354,"FRANCISCO C DA COSTA, C E C-EF M",Ativo
NUCLEO REG. EDUCACAO - PITANGA                              ,PALMITAL,41095537,"JOAO C DA COSTA, C E C-M-EF M",Ativo
NUCLEO REG. EDUCACAO - PITANGA                              ,SANTA MARIA DO OESTE,41097564,"JOAO CIONEK, C E C-EF ETI EM P",Ativo
NUCLEO REG. EDUCACAO - PITANGA                              ,PALMITAL,41095553,"JOAO F NEVES, C E DR-EF M N P",Ativo
NUCLEO REG. EDUCACAO - PITANGA                              ,PALMITAL,41095901,"JOAO PAULO II, C E-EF M",Ativo
NUCLEO REG. EDUCACAO - PITANGA                              ,SANTA MARIA DO OESTE,41097610,"JOSE DE ANCHIETA, C E-EF M ETI",Ativo
NUCLEO REG. EDUCACAO - PITANGA                              ,PITANGA,41096347,"JULIA H DE SOUZA, C E PROFA-EF M ETI",Ativo
NUCLEO REG. EDUCACAO - PITANGA                              ,LARANJAL,41094921,"LARANJAL, C E DE-EF M",Ativo
NUCLEO REG. EDUCACAO - PITANGA                              ,BOA VENTURA DE SAO ROQUE,41386981,"NATAL PONTAROLO, C E C-EF M",Ativo
NUCLEO REG. EDUCACAO - PITANGA                              ,NOVA TEBAS,41039556,"OLIDIA ROCHA, C E C -E F M",Ativo
NUCLEO REG. EDUCACAO - PITANGA                              ,PITANGA,41096908,"PEDRO I, C E C-M D-EF M PROFIS",Ativo
NUCLEO REG. EDUCACAO - PITANGA                              ,LARANJAL,41367103,"PINHAL GRANDE, C E C-EF M",Ativo
NUCLEO REG. EDUCACAO - PITANGA                              ,PITANGA,41097033,"RIO DO MEIO, C E C DO-EF M",Ativo
NUCLEO REG. EDUCACAO - PITANGA                              ,PITANGA,41382390,"SAO JOAO DA COLINA, C E C-EI EF M",Ativo
NUCLEO REG. EDUCACAO - PITANGA                              ,SANTA MARIA DO OESTE,41097793,"SAO MANOEL, C E C DE-EF M",Ativo
NUCLEO REG. EDUCACAO - PITANGA                              ,BOA VENTURA DE SAO ROQUE,41357876,"SITIO BOA VENTURA, C E C-EF ETI EM",Ativo
NUCLEO REG. EDUCACAO - PITANGA                              ,PITANGA,41097297,"TIRADENTES, E E-EF",Ativo
NUCLEO REG. EDUCACAO - PITANGA                              ,PITANGA,41097335,"VICTOR C DE ALMEIDA, C E C PE-EF M",Ativo
NUCLEO REG. EDUCACAO - PITANGA                              ,NOVA TEBAS,41039637,"VINICIUS DE MORAES, C E C-E F M",Ativo
NUCLEO REG. EDUCACAO - PITANGA                              ,NOVA TEBAS,41039661,"VOLTA GRANDE, E E C DE -EF",Ativo
NUCLEO REG. EDUCACAO - PITANGA                              ,PITANGA,41097394,"ZELIO DZIUBATE, C E C-EF M",Ativo
NUCLEO REG. EDUCACAO - PITANGA                              ,PALMITAL,41597940,"ZUMBI DOS PALMARES, C E C-EF M",Ativo
NUCLEO REG. EDUCACAO - PONTA GROSSA                         ,PONTA GROSSA,41063503,"31 DE MARCO, C E-E F M P",Ativo
NUCLEO REG. EDUCACAO - PONTA GROSSA                         ,SAO JOAO DO TRIUNFO,41145410,"ADELAIDE W PRINS, C E DO C PROF-EF M",Ativo
NUCLEO REG. EDUCACAO - PONTA GROSSA                         ,PALMEIRA,41060997,"ALBERTO GONCALVES, C E D-EF M PROFIS N",Ativo
NUCLEO REG. EDUCACAO - PONTA GROSSA                         ,PONTA GROSSA,41061888,"ALBERTO REBELLO VALENTE, C E-EF M ETI",Ativo
NUCLEO REG. EDUCACAO - PONTA GROSSA                         ,IMBITUVA,41109570,"ALCIDES MUNHOZ, C E C-M-EF M",Ativo
NUCLEO REG. EDUCACAO - PONTA GROSSA                         ,PONTA GROSSA,41061969,"AMALIO PINHEIRO, C E PROF-EF M ETI",Ativo
NUCLEO REG. EDUCACAO - PONTA GROSSA                         ,CASTRO,41059620,"AMANDA CARNEIRO DE MELLO, CE-EF ETI EM P",Ativo
NUCLEO REG. EDUCACAO - PONTA GROSSA                         ,PORTO AMAZONAS,41122453,"AMAZONAS, C E C-M CEL-EF M P",Ativo
NUCLEO REG. EDUCACAO - PONTA GROSSA                         ,CASTRO,41143671,"AMELIA M BARRETO VAZ, CE PROF-EFM ETI P",Ativo
NUCLEO REG. EDUCACAO - PONTA GROSSA                         ,PONTA GROSSA,41378962,"ANA DIVANIR BORATTO, C E-EFM",Ativo
NUCLEO REG. EDUCACAO - PONTA GROSSA                         ,CASTRO,41059638,"ANTONIO E MARCOS CAVANIS, C E-EF M PROFI",Ativo
NUCLEO REG. EDUCACAO - PONTA GROSSA                         ,PONTA GROSSA,41062000,"ANTONIO SAMPAIO, C E C-M GAL-EF M",Ativo
NUCLEO REG. EDUCACAO - PONTA GROSSA                         ,SAO JOAO DO TRIUNFO,41118855,"ARGEMIRO L DE LIMA, C E DO C PROF-EFMP",Ativo
NUCLEO REG. EDUCACAO - PONTA GROSSA                         ,PONTA GROSSA,41062051,"ARNALDO JANSEN, C E PE-EF M PROFIS",Ativo
NUCLEO REG. EDUCACAO - PONTA GROSSA                         ,IVAI,41110609,"ARTHUR DA C E SILVA, C E-EF ETI EM P",Ativo
NUCLEO REG. EDUCACAO - PONTA GROSSA                         ,TIBAGI,41357051,"BALDOMERO B TAQUES, C E C C-M-EF M",Ativo
NUCLEO REG. EDUCACAO - PONTA GROSSA                         ,CASTRO,41059778,"BASILIO CHRUM, E E PROF-EF ETI",Ativo
NUCLEO REG. EDUCACAO - PONTA GROSSA                         ,PONTA GROSSA,41062108,"BECKER E SILVA, C E C-M PROF-EF M PROFIS",Ativo
NUCLEO REG. EDUCACAO - PONTA GROSSA                         ,PONTA GROSSA,41062124,"BENTO MOSSURUNGA, E E MTO-EF",Ativo
NUCLEO REG. EDUCACAO - PONTA GROSSA                         ,PALMEIRA,41061098,"BOM JESUS DO MONTE, E E C-EF",Ativo
NUCLEO REG. EDUCACAO - PONTA GROSSA                         ,PONTA GROSSA,41378920,"BRASILIO A DA SILVA, C E C-E F M",Ativo
NUCLEO REG. EDUCACAO - PONTA GROSSA                         ,CARAMBEI,41059891,"CARLOS VENTURA, C E-EF M PROFIS",Ativo
NUCLEO REG. EDUCACAO - PONTA GROSSA                         ,PONTA GROSSA,41062191,"CARLOS ZELESNY, C E C-M PE-EF M P",Ativo
NUCLEO REG. EDUCACAO - PONTA GROSSA                         ,CASTRO,41059905,"CASTROLANDA, C E DO C-EF M",Ativo
NUCLEO REG. EDUCACAO - PONTA GROSSA                         ,PONTA GROSSA,41387910,CEEBJA PROF ODAIR PASQUALINI-EF M,Ativo
NUCLEO REG. EDUCACAO - PONTA GROSSA                         ,PONTA GROSSA,41361881,CEEBJA PROF PASCHOAL S ROSA-EF M,Ativo
NUCLEO REG. EDUCACAO - PONTA GROSSA                         ,PONTA GROSSA,41062086,CENTRO EST EDUC PROF AGR AUGUSTO RIBAS,Ativo
NUCLEO REG. EDUCACAO - PONTA GROSSA                         ,PALMEIRA,41374070,CENTRO EST EDUC PROFIS AG GETULIO VARGAS,Ativo
NUCLEO REG. EDUCACAO - PONTA GROSSA                         ,PONTA GROSSA,41588894,CENTRO EST EDUC PROFIS DE PONTA GROSSA,Ativo
NUCLEO REG. EDUCACAO - PONTA GROSSA                         ,CASTRO,41374029,CENTRO EST EDUC PROFIS OLEGARIO MACEDO,Ativo
NUCLEO REG. EDUCACAO - PONTA GROSSA                         ,IPIRANGA,41110200,"CLAUDINO DOS SANTOS, CE DR-EF M PROFIS",Ativo
NUCLEO REG. EDUCACAO - PONTA GROSSA                         ,PONTA GROSSA,41062302,"COLARES, C E C-M PROF-EF M",Ativo
NUCLEO REG. EDUCACAO - PONTA GROSSA                         ,PONTA GROSSA,41062310,"CORREIA, C E SEN-EF M ETI P",Ativo
NUCLEO REG. EDUCACAO - PONTA GROSSA                         ,CARAMBEI,41387007,"DARLENE DE JP MOREIRA, E E PROF-EF",Ativo
NUCLEO REG. EDUCACAO - PONTA GROSSA                         ,PALMEIRA,41061217,"DAVID CARNEIRO, C E CEL-EF M ETI",Ativo
NUCLEO REG. EDUCACAO - PONTA GROSSA                         ,PONTA GROSSA,41361768,"DORAH G DAITSCHMAN, C E-EF M ETI",Ativo
NUCLEO REG. EDUCACAO - PONTA GROSSA                         ,PONTA GROSSA,41063236,"DOROTEU DE PADUA, C E C-M FR-EF M PROFIS",Ativo
NUCLEO REG. EDUCACAO - PONTA GROSSA                         ,CASTRO,41059972,"EDINA W SVIERCOSKI, C E C PROFA-EF M P",Ativo
NUCLEO REG. EDUCACAO - PONTA GROSSA                         ,PONTA GROSSA,41354273,"EDISON PIETROBELLI, E E C-M PROF-EF",Ativo
NUCLEO REG. EDUCACAO - PONTA GROSSA                         ,PONTA GROSSA,41062450,"ELZIRA C DE SA, C E PROFA-EF M PROFIS N",Ativo
NUCLEO REG. EDUCACAO - PONTA GROSSA                         ,PONTA GROSSA,41062469,"EPAMINONDAS N RIBAS, C E C-M DR-EF M P",Ativo
NUCLEO REG. EDUCACAO - PONTA GROSSA                         ,PONTA GROSSA,41062540,"ESPIRITO SANTO, E E-EF",Ativo
NUCLEO REG. EDUCACAO - PONTA GROSSA                         ,PONTA GROSSA,41062558,"EUGENIO MALANSKI, C E PROF-EF M",Ativo
NUCLEO REG. EDUCACAO - PONTA GROSSA                         ,CARAMBEI,41352718,"EURICO BATISTA ROSAS, C E C-M-EF M",Ativo
NUCLEO REG. EDUCACAO - PONTA GROSSA                         ,PIRAI DO SUL,41383761,"EURIDES MARTINS, C E C-EF M",Ativo
NUCLEO REG. EDUCACAO - PONTA GROSSA                         ,CASTRO,41060040,"FABIANA PIMENTEL, C E DO C PROF-EF M PRO",Ativo
NUCLEO REG. EDUCACAO - PONTA GROSSA                         ,PALMEIRA,41061284,"FLAVIO SANTOS, E E C-EF",Ativo
NUCLEO REG. EDUCACAO - PONTA GROSSA                         ,SAO JOAO DO TRIUNFO,41119088,"FRANCISCO NEVES FILHO, C E-EF M N PROFIS",Ativo
NUCLEO REG. EDUCACAO - PONTA GROSSA                         ,PONTA GROSSA,41378938,"FRANCISCO PIRES MACHADO, C E-EF ETI EM P",Ativo
NUCLEO REG. EDUCACAO - PONTA GROSSA                         ,PALMEIRA,41061330,"FRITZ KLIEWER, C E C-EF M",Ativo
NUCLEO REG. EDUCACAO - PONTA GROSSA                         ,IVAI,41110684,"GIL STEIN FERREIRA, E E-EF",Ativo
NUCLEO REG. EDUCACAO - PONTA GROSSA                         ,PALMEIRA,41061381,"GUARAUNINHA, E E DO C DE-EF",Ativo
NUCLEO REG. EDUCACAO - PONTA GROSSA                         ,PONTA GROSSA,41145151,"HALIA T GRUBA, E E PROFA-EF",Ativo
NUCLEO REG. EDUCACAO - PONTA GROSSA                         ,IPIRANGA,41385659,"HENRIQUE DENCK, C E C -EFM",Ativo
NUCLEO REG. EDUCACAO - PONTA GROSSA                         ,PALMEIRA,41061390,"HENRIQUE STADLER, C E C-EF M",Ativo
NUCLEO REG. EDUCACAO - PONTA GROSSA                         ,IVAI,41110714,"INE MESSIAS ERDMANN, C E PROFA-EF M",Ativo
NUCLEO REG. EDUCACAO - PONTA GROSSA                         ,PONTA GROSSA,41062272,INST ED E PROF CESAR P MARTINEZ-F M N P,Ativo
NUCLEO REG. EDUCACAO - PONTA GROSSA                         ,PONTA GROSSA,41378954,"IOLANDO TAQUES FONSECA, E E PROF-EF",Ativo
NUCLEO REG. EDUCACAO - PONTA GROSSA                         ,TIBAGI,41056922,"IRENIO M NASCIMENTO, C E-EF M N PROFIS",Ativo
NUCLEO REG. EDUCACAO - PONTA GROSSA                         ,CASTRO,41143680,"JARDIM DAS ARAUCARIAS, E E-EF",Ativo
NUCLEO REG. EDUCACAO - PONTA GROSSA                         ,IMBITUVA,41379667,"JEOCONDO WALDEMAR BOBATO, C E C -EFMP",Ativo
NUCLEO REG. EDUCACAO - PONTA GROSSA                         ,PONTA GROSSA,41062744,"JESUS DIVINO OPERARIO, E E-EF",Ativo
NUCLEO REG. EDUCACAO - PONTA GROSSA                         ,CASTRO,41060253,"JOANA T PEREIRA, C E C-M PROFA - EF M",Ativo
NUCLEO REG. EDUCACAO - PONTA GROSSA                         ,TIBAGI,41357035,"JOAO FRANCISCO DA SILVA, C E C-EF M",Ativo
NUCLEO REG. EDUCACAO - PONTA GROSSA                         ,PONTA GROSSA,41062809,"JOAO R V B DU VERNAY,CE PROF-EF M PROFIS",Ativo
NUCLEO REG. EDUCACAO - PONTA GROSSA                         ,PALMEIRA,41061470,"JOAO SIDORKO, E E C-EF",Ativo
NUCLEO REG. EDUCACAO - PONTA GROSSA                         ,PIRAI DO SUL,41058810,"JORGE Q NETTO, C E-EF M P N",Ativo
NUCLEO REG. EDUCACAO - PONTA GROSSA                         ,PONTA GROSSA,41062833,"JOSE ELIAS DA ROCHA, C E C-M-EF M PROFIS",Ativo
NUCLEO REG. EDUCACAO - PONTA GROSSA                         ,PONTA GROSSA,41062850,"JOSE GOMES DO AMARAL, C E PROF-EFMP",Ativo
NUCLEO REG. EDUCACAO - PONTA GROSSA                         ,CARAMBEI,41060296,"JULIA WANDERLEY, C E-EF M PROFIS",Ativo
NUCLEO REG. EDUCACAO - PONTA GROSSA                         ,PONTA GROSSA,41062892,"JULIO TEODORICO, E E PROF-EF",Ativo
NUCLEO REG. EDUCACAO - PONTA GROSSA                         ,PONTA GROSSA,41062914,"KENNEDY, C E PRES-EFMPN",Ativo
NUCLEO REG. EDUCACAO - PONTA GROSSA                         ,PIRAI DO SUL,41058844,"LEANDRO M DA COSTA, C E C-M PROF-EF M P",Ativo
NUCLEO REG. EDUCACAO - PONTA GROSSA                         ,PALMEIRA,41359992,"LEONARDO SALATA, E E C PROF -EF",Ativo
NUCLEO REG. EDUCACAO - PONTA GROSSA                         ,TIBAGI,41056957,"LEOPOLDINA B PEDROSO, C E PROFA-EF M PRO",Ativo
NUCLEO REG. EDUCACAO - PONTA GROSSA                         ,PONTA GROSSA,41062949,"LINDA S BACILA, C E PROFA-EF M PROFIS",Ativo
NUCLEO REG. EDUCACAO - PONTA GROSSA                         ,IPIRANGA,41110366,"LUIZ DE JESUS CORREIA, C E C - E F M",Ativo
NUCLEO REG. EDUCACAO - PONTA GROSSA                         ,IPIRANGA,41387066,"LUSTOSA, C E C DE-EF M",Ativo
NUCLEO REG. EDUCACAO - PONTA GROSSA                         ,PONTA GROSSA,41378911,"MARGARETE M MAZUR, E E C PROFA-EF",Ativo
NUCLEO REG. EDUCACAO - PONTA GROSSA                         ,CASTRO,41060415,"MARIA AP NISGOSKI, C E PROFA-EF M PROFIS",Ativo
NUCLEO REG. EDUCACAO - PONTA GROSSA                         ,IMBITUVA,41369475,"MARIA EUGENIA DE C LEJAMBRE, E E DO C-EF",Ativo
NUCLEO REG. EDUCACAO - PONTA GROSSA                         ,CASTRO,41060458,"MATILDE BAER, E E PROFA-EF",Ativo
NUCLEO REG. EDUCACAO - PONTA GROSSA                         ,PONTA GROSSA,41063023,"MEDALHA MILAGROSA, E E-EF",Ativo
NUCLEO REG. EDUCACAO - PONTA GROSSA                         ,PONTA GROSSA,41063031,"MENELEU A TORRES, C E PROF-EF ETI EM P",Ativo
NUCLEO REG. EDUCACAO - PONTA GROSSA                         ,PONTA GROSSA,41063058,"MONTEIRO LOBATO, E E-EF",Ativo
NUCLEO REG. EDUCACAO - PONTA GROSSA                         ,PONTA GROSSA,41063082,"MUNHOZ DA ROCHA, C E DO C DR-EF M",Ativo
NUCLEO REG. EDUCACAO - PONTA GROSSA                         ,CASTRO,41060466,"NICOLAU BALTASAR, C E PE-EF M",Ativo
NUCLEO REG. EDUCACAO - PONTA GROSSA                         ,CASTRO,41373960,"NICOLAU HAMPF, C E C-M PROF-EF M",Ativo
NUCLEO REG. EDUCACAO - PONTA GROSSA                         ,PONTA GROSSA,41063139,"NOSSA SRA DA GLORIA, C E C-M-EF M",Ativo
NUCLEO REG. EDUCACAO - PONTA GROSSA                         ,PONTA GROSSA,41063147,"NOSSA SRA DAS GRACAS, C E-EF M PROFIS",Ativo
NUCLEO REG. EDUCACAO - PONTA GROSSA                         ,PORTO AMAZONAS,41122550,"OLIVIO BELICH, C E-EF M",Ativo
NUCLEO REG. EDUCACAO - PONTA GROSSA                         ,PONTA GROSSA,41063155,"OSORIO, C E C-M GAL-EF M PROFIS",Ativo
NUCLEO REG. EDUCACAO - PONTA GROSSA                         ,PONTA GROSSA,41063201,"PEDRO GRZELCZAKI, C E PE-EF M",Ativo
NUCLEO REG. EDUCACAO - PONTA GROSSA                         ,PALMEIRA,41061624,"PINHEIRAL DE BAIXO, C E C DE-EF M",Ativo
NUCLEO REG. EDUCACAO - PONTA GROSSA                         ,PIRAI DO SUL,41383060,"PIRAI MIRIM PEDRO SOLEK, E E C DE-EF",Ativo
NUCLEO REG. EDUCACAO - PONTA GROSSA                         ,PONTA GROSSA,41063287,"POLIVALENTE, C E-EF ETI EM P N",Ativo
NUCLEO REG. EDUCACAO - PONTA GROSSA                         ,PALMEIRA,41061683,"QUERO QUERO, E E DO C-EF",Ativo
NUCLEO REG. EDUCACAO - PONTA GROSSA                         ,PONTA GROSSA,41063325,"REGENTE FEIJO, C E-EMP",Ativo
NUCLEO REG. EDUCACAO - PONTA GROSSA                         ,PIRAI DO SUL,41383966,"RESSACA PADRE ANCHIETA, E E DA-EF",Ativo
NUCLEO REG. EDUCACAO - PONTA GROSSA                         ,PIRAI DO SUL,41059034,"RIVADAVIA VARGAS, C E-EF ETI EM",Ativo
NUCLEO REG. EDUCACAO - PONTA GROSSA                         ,IVAI,41110862,"SAGRADO CORACAO DE MARIA, C E C-EF M",Ativo
NUCLEO REG. EDUCACAO - PONTA GROSSA                         ,CASTRO,41060725,"SALVADOR A SOBRINHO, C E C PROF-EF M",Ativo
NUCLEO REG. EDUCACAO - PONTA GROSSA                         ,PONTA GROSSA,41063384,"SANTA MARIA, C E-EF M",Ativo
NUCLEO REG. EDUCACAO - PONTA GROSSA                         ,IMBITUVA,41110080,"SANTO ANTONIO, C E-EF M PROFIS",Ativo
NUCLEO REG. EDUCACAO - PONTA GROSSA                         ,PALMEIRA,41061748,"SAO JUDAS TADEU, C E C-M-EF M PROF",Ativo
NUCLEO REG. EDUCACAO - PONTA GROSSA                         ,CASTRO,41060814,"SAO SEBASTIAO DO MARACANA, C E C-EF M",Ativo
NUCLEO REG. EDUCACAO - PONTA GROSSA                         ,PONTA GROSSA,41063481,"SIRLEY JAGAS, C E PROFA-EF M PROFIS",Ativo
NUCLEO REG. EDUCACAO - PONTA GROSSA                         ,CASTRO,41060911,"VESPASIANO C MELLO,C E MJR-EF M PROFIS N",Ativo
NUCLEO REG. EDUCACAO - PONTA GROSSA                         ,SAO JOAO DO TRIUNFO,41598164,"VILA PALMIRA, C E C DE-EF M",Ativo
NUCLEO REG. EDUCACAO - PONTA GROSSA                         ,PONTA GROSSA,41378946,"VILA VELHA, E E C DE-EF",Ativo
NUCLEO REG. EDUCACAO - PONTA GROSSA                         ,CARAMBEI,41148630,"ZILDA ARNS NEUMANN, C E C DRA - EFM",Ativo
NUCLEO REG. EDUCACAO - TELEMACO BORBA                       ,RESERVA,41361750,"ALBANO G MARTINS, C E C PREF-EF M",Ativo
NUCLEO REG. EDUCACAO - TELEMACO BORBA                       ,VENTANIA,41057198,"ALBERTO DA SILVA PARANA, C E-EF M PROFIS",Ativo
NUCLEO REG. EDUCACAO - TELEMACO BORBA                       ,RESERVA,41054903,"ALBERTO KURCHEIDT, E E C-EF",Ativo
NUCLEO REG. EDUCACAO - TELEMACO BORBA                       ,ORTIGUEIRA,41053761,"ALTAIR MONGRUEL, C E-EF M PROFIS",Ativo
NUCLEO REG. EDUCACAO - TELEMACO BORBA                       ,SAPOPEMA,41050460,"ANADIR M DA COSTA, C E C PROFA-E F M",Ativo
NUCLEO REG. EDUCACAO - TELEMACO BORBA                       ,CURIUVA,41048970,"ANISIO AFONSO FERREIRA, C E C-EF M",Ativo
NUCLEO REG. EDUCACAO - TELEMACO BORBA                       ,TELEMACO BORBA,41056035,"BELA VISTA, E E-EF",Ativo
NUCLEO REG. EDUCACAO - TELEMACO BORBA                       ,ORTIGUEIRA,41053907,"BENTO M ROCHA NETTO, C E C DR-EF M",Ativo
NUCLEO REG. EDUCACAO - TELEMACO BORBA                       ,TELEMACO BORBA,41056051,"BOM JESUS, E E-EF",Ativo
NUCLEO REG. EDUCACAO - TELEMACO BORBA                       ,RESERVA,41145704,"CAMPINAS BELAS, E E C-EF",Ativo
NUCLEO REG. EDUCACAO - TELEMACO BORBA                       ,TELEMACO BORBA,41361032,CEEBJA PROFA RONILCE A G MAINARDES-EF M,Ativo
NUCLEO REG. EDUCACAO - TELEMACO BORBA                       ,SAPOPEMA,41166035,CENTRO EST EDUC PROFIS AG SALTO DAS ORQU,Ativo
NUCLEO REG. EDUCACAO - TELEMACO BORBA                       ,ORTIGUEIRA,41162099,CENTRO EST EDUC PROFIS FL AG DE ORTIG,Ativo
NUCLEO REG. EDUCACAO - TELEMACO BORBA                       ,ORTIGUEIRA,41053958,"CRISPIM GY MU, C E I CACIQUE-EI EF M",Ativo
NUCLEO REG. EDUCACAO - TELEMACO BORBA                       ,TELEMACO BORBA,41056140,"CUSTODIO NETTO, C E C-M PROF-EF M PROFIS",Ativo
NUCLEO REG. EDUCACAO - TELEMACO BORBA                       ,SAPOPEMA,41050525,"EFIGENIA DE PAULA LUZ, C E C - E F M",Ativo
NUCLEO REG. EDUCACAO - TELEMACO BORBA                       ,CURIUVA,41049047,"GABRIEL ROSA, C E PROF-EF M PROFIS",Ativo
NUCLEO REG. EDUCACAO - TELEMACO BORBA                       ,RESERVA,41145690,"GREGORIO SZEREMETA, C E C-M-EF M P",Ativo
NUCLEO REG. EDUCACAO - TELEMACO BORBA                       ,TELEMACO BORBA,41056221,"GREGORIO TEIXEIRA, C E-EF M",Ativo
NUCLEO REG. EDUCACAO - TELEMACO BORBA                       ,RESERVA,41055446,"HELENA R FIORAVANTE, C E PROFA-EF M",Ativo
NUCLEO REG. EDUCACAO - TELEMACO BORBA                       ,ORTIGUEIRA,41380266,"IZAIAS RAFAEL DA SILVA, C E C-EFM",Ativo
NUCLEO REG. EDUCACAO - TELEMACO BORBA                       ,CURIUVA,41362330,"JANDIRA FERREIRA ROSAS, C E-EFM",Ativo
NUCLEO REG. EDUCACAO - TELEMACO BORBA                       ,TELEMACO BORBA,41056264,"JARDIM ALEGRE, C E C-M-EF M PROFIS",Ativo
NUCLEO REG. EDUCACAO - TELEMACO BORBA                       ,RESERVA,41387678,"JOAO LUCIO DE ALMEIDA, C E C PROF-EF M",Ativo
NUCLEO REG. EDUCACAO - TELEMACO BORBA                       ,CURIUVA,41049098,"JOSE DE ALENCAR, C E C-M-EF M",Ativo
NUCLEO REG. EDUCACAO - TELEMACO BORBA                       ,TELEMACO BORBA,41056302,"JOSE DE ANCHIETA, E E PE-EF",Ativo
NUCLEO REG. EDUCACAO - TELEMACO BORBA                       ,TELEMACO BORBA,41056337,"LUIZ VIEIRA, E E DR-EF",Ativo
NUCLEO REG. EDUCACAO - TELEMACO BORBA                       ,ORTIGUEIRA,41054350,"MACHADO DE ASSIS, C E C-EF M",Ativo
NUCLEO REG. EDUCACAO - TELEMACO BORBA                       ,RESERVA,41055624,"MANOEL A GOMES, C E-EF M PROFIS",Ativo
NUCLEO REG. EDUCACAO - TELEMACO BORBA                       ,TELEMACO BORBA,41056361,"MARCELINO NOGUEIRA, C E C-M DR-EF M",Ativo
NUCLEO REG. EDUCACAO - TELEMACO BORBA                       ,TELEMACO BORBA,41056388,"MARIA AP M S PEREIRA, C E C-M PROFA-EF M",Ativo
NUCLEO REG. EDUCACAO - TELEMACO BORBA                       ,IMBAU,41150929,"MARIA DAS G C DI MARIO, C E PROFA -EFMP",Ativo
NUCLEO REG. EDUCACAO - TELEMACO BORBA                       ,CURIUVA,41049160,"MARIA DIVA R DE PROENCA, C E C-EF M",Ativo
NUCLEO REG. EDUCACAO - TELEMACO BORBA                       ,ORTIGUEIRA,41145038,"MARIA L GUIMARAES, C E-EF M P",Ativo
NUCLEO REG. EDUCACAO - TELEMACO BORBA                       ,ORTIGUEIRA,41054415,"MONJOLINHO, C E C-EF M",Ativo
NUCLEO REG. EDUCACAO - TELEMACO BORBA                       ,TELEMACO BORBA,41056396,"NOSSA SRA DE FATIMA, E E-EF",Ativo
NUCLEO REG. EDUCACAO - TELEMACO BORBA                       ,ORTIGUEIRA,41388020,"NUR-FE, E E I CACIQUE-EI EF",Ativo
NUCLEO REG. EDUCACAO - TELEMACO BORBA                       ,VENTANIA,41057333,"PEDRO MARCONDES RIBAS, C E C-EF M",Ativo
NUCLEO REG. EDUCACAO - TELEMACO BORBA                       ,ORTIGUEIRA,41054610,"PLINIO FRANCO F DA COSTA, C E C-EF M",Ativo
NUCLEO REG. EDUCACAO - TELEMACO BORBA                       ,TELEMACO BORBA,41361040,"SAO FRANCISCO DE ASSIS, C E-E F M ETI P",Ativo
NUCLEO REG. EDUCACAO - TELEMACO BORBA                       ,TELEMACO BORBA,41056540,"SAO PEDRO, C E C-M-EF M",Ativo
NUCLEO REG. EDUCACAO - TELEMACO BORBA                       ,SAPOPEMA,41050762,"SAPOPEMA, C E-EF M PROFIS",Ativo
NUCLEO REG. EDUCACAO - TELEMACO BORBA                       ,ORTIGUEIRA,41054784,"TANCREDO A NEVES, C E C DR-EF M",Ativo
NUCLEO REG. EDUCACAO - TELEMACO BORBA                       ,IMBAU,41056574,"TANCREDO NEVES, C E PRES-EF M PROFIS",Ativo
NUCLEO REG. EDUCACAO - TELEMACO BORBA                       ,RESERVA,41055900,"TEOFILA NASSAR JANGADA, C E C-EF M",Ativo
NUCLEO REG. EDUCACAO - TELEMACO BORBA                       ,ORTIGUEIRA,41054806,"TEOTONIO VILELLA, C E C DR-EF M",Ativo
NUCLEO REG. EDUCACAO - TELEMACO BORBA                       ,IMBAU,41357043,"TEREZINHA L OLIVEIRA, C E C-EF M ETI",Ativo
NUCLEO REG. EDUCACAO - TELEMACO BORBA                       ,TELEMACO BORBA,41056620,"VARGAS, C E C-M PRES-EF M PROFIS",Ativo
NUCLEO REG. EDUCACAO - TELEMACO BORBA                       ,ORTIGUEIRA,41054873,"VISTA ALEGRE, C E C -EI EF M",Ativo
NUCLEO REG. EDUCACAO - TELEMACO BORBA                       ,TELEMACO BORBA,41056639,"WOLFF KLABIN, C E-EF M N PROFIS",Ativo
NUCLEO REG. EDUCACAO - TOLEDO                               ,PALOTINA,41389506,"ADROALDO A COLOMBO, C A E - ED PROFISS",Ativo
NUCLEO REG. EDUCACAO - TOLEDO                               ,TERRA ROXA,41067819,"ALTO ALEGRE, E E DO C DE-EF",Ativo
NUCLEO REG. EDUCACAO - TOLEDO                               ,TERRA ROXA,41067827,"ANTONIO CARLOS GOMES, C E-EF M ETI",Ativo
NUCLEO REG. EDUCACAO - TOLEDO                               ,TOLEDO,41068203,"ANTONIO J REIS, C E C-M-EF M",Ativo
NUCLEO REG. EDUCACAO - TOLEDO                               ,MARECHAL CANDIDO RONDON,41065174,"ANTONIO M CERETTA, C E-EF M ETI P",Ativo
NUCLEO REG. EDUCACAO - TOLEDO                               ,DIAMANTE DO OESTE,41390105,"ARAJU PORA, E E I-EI EF",Ativo
NUCLEO REG. EDUCACAO - TOLEDO                               ,TERRA ROXA,41165896,"ARANDU GUARANI, C E I-EI EF M",Ativo
NUCLEO REG. EDUCACAO - TOLEDO                               ,TERRA ROXA,41067843,"ARTHUR C E SILVA, C E PRES-EF M",Ativo
NUCLEO REG. EDUCACAO - TOLEDO                               ,TOLEDO,41068254,"ATTILIO FONTANA, C E SEN-EF M ETI P",Ativo
NUCLEO REG. EDUCACAO - TOLEDO                               ,TOLEDO,41068262,"AUGUSTINHO DONIN, C E-EF M",Ativo
NUCLEO REG. EDUCACAO - TOLEDO                               ,TOLEDO,41068289,"AYRTON SENNA DA SILVA, C E-EF M PROFIS",Ativo
NUCLEO REG. EDUCACAO - TOLEDO                               ,TOLEDO,41068319,"BOA VISTA, E E DO C-EF",Ativo
NUCLEO REG. EDUCACAO - TOLEDO                               ,TOLEDO,41068327,"BOM PRINCIPIO, E E DO C-EF",Ativo
NUCLEO REG. EDUCACAO - TOLEDO                               ,TOLEDO,41068394,"CASTELO BRANCO, C E PRES-EM N PROFIS",Ativo
NUCLEO REG. EDUCACAO - TOLEDO                               ,MARIPA,41065859,"CASTRO ALVES, C E-EF M",Ativo
NUCLEO REG. EDUCACAO - TOLEDO                               ,TOLEDO,41145771,CEEBJA DE TOLEDO-EF M,Ativo
NUCLEO REG. EDUCACAO - TOLEDO                               ,PALOTINA,41359976,CEEBJA PALOTINA-EF M,Ativo
NUCLEO REG. EDUCACAO - TOLEDO                               ,SANTA HELENA,41145780,CEEBJA SANTA HELENA-EF M,Ativo
NUCLEO REG. EDUCACAO - TOLEDO                               ,GUAIRA,41360818,CEEBJA VALDIR FERNANDES-EF M,Ativo
NUCLEO REG. EDUCACAO - TOLEDO                               ,TERRA ROXA,41153081,CENTRO EST EDUC PROFIS PAULO R SOUZA,Ativo
NUCLEO REG. EDUCACAO - TOLEDO                               ,TOLEDO,41068459,"DARIO VELLOZO, C E-EF M PROFIS",Ativo
NUCLEO REG. EDUCACAO - TOLEDO                               ,MARECHAL CANDIDO RONDON,41065344,"DEALMO S POERSCH, E E DO C-EF",Ativo
NUCLEO REG. EDUCACAO - TOLEDO                               ,TOLEDO,41068475,"DEZ DE MAIO, E E DO C DE-EF",Ativo
NUCLEO REG. EDUCACAO - TOLEDO                               ,DIAMANTE DO OESTE,41064100,"DIAMANTE D OESTE, C E-EF ETI EM",Ativo
NUCLEO REG. EDUCACAO - TOLEDO                               ,PALOTINA,41066510,"DOMINGOS FCO ZARDO, C E-EF M",Ativo
NUCLEO REG. EDUCACAO - TOLEDO                               ,TOLEDO,41068483,"EDWINO SCHERER, E E DO C-EF",Ativo
NUCLEO REG. EDUCACAO - TOLEDO                               ,MARECHAL CANDIDO RONDON,41065387,"ERON DOMINGUES, C E-EF M N PROFIS",Ativo
NUCLEO REG. EDUCACAO - TOLEDO                               ,MERCEDES,41065999,"ERONILDES FRANCENER, E E C-EF ETI",Ativo
NUCLEO REG. EDUCACAO - TOLEDO                               ,TOLEDO,41068505,"ESPERANCA F COVATTI, C E-EF M",Ativo
NUCLEO REG. EDUCACAO - TOLEDO                               ,PALOTINA,41066537,"EUGENIO GARMATZ, C E DO C PROF-EF ETI EM",Ativo
NUCLEO REG. EDUCACAO - TOLEDO                               ,SAO PEDRO DO IGUACU,41067630,"EVALDO TALYULY, C E DO C-EF M",Ativo
NUCLEO REG. EDUCACAO - TOLEDO                               ,TOLEDO,41068548,"FRANCISCO G DE LIMA, C E VER-EF M",Ativo
NUCLEO REG. EDUCACAO - TOLEDO                               ,MARECHAL CANDIDO RONDON,41065425,"FRENTINO SACKSER, C E C-M-EF M PROF",Ativo
NUCLEO REG. EDUCACAO - TOLEDO                               ,NOVA SANTA ROSA,41066154,"GASPAR DUTRA, C E MAL-EF M PROFIS",Ativo
NUCLEO REG. EDUCACAO - TOLEDO                               ,SANTA HELENA,41067029,"GRACILIANO RAMOS, C E C-M-EF ETI EM",Ativo
NUCLEO REG. EDUCACAO - TOLEDO                               ,SANTA HELENA,41067061,"HUMBERTO DE A C BRANCO, C E-M N PROFIS",Ativo
NUCLEO REG. EDUCACAO - TOLEDO                               ,ENTRE RIOS DO OESTE,41064275,"ILDO JOSE FRITZEN, C E PROF-EF ETI EM",Ativo
NUCLEO REG. EDUCACAO - TOLEDO                               ,GUAIRA,41064682,"JAIME RODRIGUES, C E C-M PROF-EF M",Ativo
NUCLEO REG. EDUCACAO - TOLEDO                               ,TOLEDO,41068637,"JARDIM EUROPA, C E-EF M PROFIS",Ativo
NUCLEO REG. EDUCACAO - TOLEDO                               ,TOLEDO,41068645,"JARDIM GISELLA, C E-EF M",Ativo
NUCLEO REG. EDUCACAO - TOLEDO                               ,TOLEDO,41068653,"JARDIM MARACANA, C E C-M-EF M",Ativo
NUCLEO REG. EDUCACAO - TOLEDO                               ,TOLEDO,41068661,"JARDIM PORTO ALEGRE, C E-EF M ETI P",Ativo
NUCLEO REG. EDUCACAO - TOLEDO                               ,GUAIRA,41360826,"JARDIM ZEBALLOS, C E C-M-EF M PROFIS",Ativo
NUCLEO REG. EDUCACAO - TOLEDO                               ,TOLEDO,41068688,"JOAO ARNALDO RITT, C E C-M-EF M",Ativo
NUCLEO REG. EDUCACAO - TOLEDO                               ,TOLEDO,41068696,"JOAO C FERREIRA, E E DR-EF",Ativo
NUCLEO REG. EDUCACAO - TOLEDO                               ,SANTA HELENA,41067134,"JOSE BIESDORF, E E C-EF ETI",Ativo
NUCLEO REG. EDUCACAO - TOLEDO                               ,DIAMANTE DO OESTE,41388984,"KUAA MBO E, C E I-EI EF M",Ativo
NUCLEO REG. EDUCACAO - TOLEDO                               ,MERCEDES,41066073,"LEONILDA PAPEN, C E-EF M",Ativo
NUCLEO REG. EDUCACAO - TOLEDO                               ,TOLEDO,41068807,"LUIZ AUGUSTO M REGO, C E C-M-EF M PROFIS",Ativo
NUCLEO REG. EDUCACAO - TOLEDO                               ,MARECHAL CANDIDO RONDON,41065522,"MARGARIDA, C E DO C-EF M",Ativo
NUCLEO REG. EDUCACAO - TOLEDO                               ,GUAIRA,41064747,"MARIA BOLWERK, E E DO C PROFA-EF ETI",Ativo
NUCLEO REG. EDUCACAO - TOLEDO                               ,TERRA ROXA,41068130,"MARIA C DINIZ CUNHA, E E DO C PROFA-EF",Ativo
NUCLEO REG. EDUCACAO - TOLEDO                               ,GUAIRA,41624939,"MBYJA PORA, C E I-EI EF M",Ativo
NUCLEO REG. EDUCACAO - TOLEDO                               ,GUAIRA,41064780,"MENDES GONCALVES, C E-EF ETI EM P",Ativo
NUCLEO REG. EDUCACAO - TOLEDO                               ,MARECHAL CANDIDO RONDON,41065557,"MONTEIRO LOBATO, C E-EF M ETI",Ativo
NUCLEO REG. EDUCACAO - TOLEDO                               ,MARECHAL CANDIDO RONDON,41065441,"NILSO FRANCESKI, C E DO C PROF-EFM",Ativo
NUCLEO REG. EDUCACAO - TOLEDO                               ,TOLEDO,41068955,"NOVA CONCORDIA, E E DO C DE-EF",Ativo
NUCLEO REG. EDUCACAO - TOLEDO                               ,TOLEDO,41068980,"NOVO HORIZONTE, C E C-M-EF M PROFIS",Ativo
NUCLEO REG. EDUCACAO - TOLEDO                               ,TOLEDO,41068998,"NOVO SARANDI, C E DO CAMPO C-M -EFM",Ativo
NUCLEO REG. EDUCACAO - TOLEDO                               ,TOLEDO,41069005,"NOVO SOBRADINHO, E E DO C DE-EF",Ativo
NUCLEO REG. EDUCACAO - TOLEDO                               ,MARECHAL CANDIDO RONDON,41065565,"NOVO TRES PASSOS, E E DO C-EF",Ativo
NUCLEO REG. EDUCACAO - TOLEDO                               ,TOLEDO,41069056,"OURO PRETO, E E DO C DE-EF",Ativo
NUCLEO REG. EDUCACAO - TOLEDO                               ,OURO VERDE DO OESTE,41066359,"OURO VERDE, C E DE-EF M PROFIS",Ativo
NUCLEO REG. EDUCACAO - TOLEDO                               ,PATO BRAGADO,41066847,"PATO BRAGADO, C E-EF ETI EM",Ativo
NUCLEO REG. EDUCACAO - TOLEDO                               ,MARECHAL CANDIDO RONDON,41415027,"PAULO FREIRE, C E-EF ETI EM",Ativo
NUCLEO REG. EDUCACAO - TOLEDO                               ,MARIPA,41065930,"PIO XII, C E-EF M PROFIS",Ativo
NUCLEO REG. EDUCACAO - TOLEDO                               ,NOVA SANTA ROSA,41066219,"PLANALTO, E E DO C DE-EF",Ativo
NUCLEO REG. EDUCACAO - TOLEDO                               ,MARECHAL CANDIDO RONDON,41065646,"PORTO MENDES, E E C DE-EF",Ativo
NUCLEO REG. EDUCACAO - TOLEDO                               ,QUATRO PONTES,41066898,"QUATRO PONTES, C E-EF ETI EM",Ativo
NUCLEO REG. EDUCACAO - TOLEDO                               ,PALOTINA,41066685,"RIO BRANCO, C E C-M BAR DO-EF M",Ativo
NUCLEO REG. EDUCACAO - TOLEDO                               ,OURO VERDE DO OESTE,41066367,"ROMUALDO PEITER, E E C-EF",Ativo
NUCLEO REG. EDUCACAO - TOLEDO                               ,MARECHAL CANDIDO RONDON,41065662,"RONDON, C E C-M MAL-EF M",Ativo
NUCLEO REG. EDUCACAO - TOLEDO                               ,GUAIRA,41064887,"ROOSEVELT, C E PRES-EF M N PROFIS",Ativo
NUCLEO REG. EDUCACAO - TOLEDO                               ,GUAIRA,41064895,"SAMUEL BENCK, C E DO C VER-EF M",Ativo
NUCLEO REG. EDUCACAO - TOLEDO                               ,TERRA ROXA,41068114,"SANTA RITA D OESTE, C E C-EF ETI EM",Ativo
NUCLEO REG. EDUCACAO - TOLEDO                               ,PALOTINA,41066723,"SANTA TEREZINHA, E E-EF",Ativo
NUCLEO REG. EDUCACAO - TOLEDO                               ,PALOTINA,41066731,"SANTO AGOSTINHO, C E-EF M ETI P N",Ativo
NUCLEO REG. EDUCACAO - TOLEDO                               ,SANTA HELENA,41067347,"SANTOS DUMONT, C E C-EF M",Ativo
NUCLEO REG. EDUCACAO - TOLEDO                               ,SANTA HELENA,41067355,"SAO FRANCISCO, E E C-EF",Ativo
NUCLEO REG. EDUCACAO - TOLEDO                               ,SAO JOSE DAS PALMEIRAS,41067550,"SAO JOSE, C E-EF ETI EM",Ativo
NUCLEO REG. EDUCACAO - TOLEDO                               ,TOLEDO,41069315,"SAO LUIZ DOESTE, E E DO C-EF",Ativo
NUCLEO REG. EDUCACAO - TOLEDO                               ,SAO PEDRO DO IGUACU,41067738,"SAO PEDRO, C E-EF ETI EM",Ativo
NUCLEO REG. EDUCACAO - TOLEDO                               ,SANTA HELENA,41067339,"SAO ROQUE, C E C-EF M",Ativo
NUCLEO REG. EDUCACAO - TOLEDO                               ,PALOTINA,41066766,"SHIRLEY SAURIN, E E PROFA-EF",Ativo
NUCLEO REG. EDUCACAO - TOLEDO                               ,PALOTINA,41066774,"TANCREDO NEVES, E E-EF",Ativo
NUCLEO REG. EDUCACAO - TOLEDO                               ,SANTA HELENA,41145798,"TEOTONIO VILELA, E E C-EF",Ativo
NUCLEO REG. EDUCACAO - TOLEDO                               ,TOLEDO,41379748,"TOLEDO, C A E DE-EM PROF INTEGRADO",Ativo
NUCLEO REG. EDUCACAO - TOLEDO                               ,SANTA HELENA,41067428,"VERONICA ZIMERMANN, C E C PROFA-EF M",Ativo
NUCLEO REG. EDUCACAO - TOLEDO                               ,TOLEDO,41069439,"VILA IPIRANGA, E E C DE-EF",Ativo
NUCLEO REG. EDUCACAO - TOLEDO                               ,NOVA SANTA ROSA,41066243,"VINICIUS DE MORAES, E E DO C-EF",Ativo
NUCLEO REG. EDUCACAO - TOLEDO                               ,MARECHAL CANDIDO RONDON,41065824,"ZULMIRO TRENTO, E E DO C-EF",Ativo
NUCLEO REG. EDUCACAO - UMUARAMA                             ,ALTO PIQUIRI,41357310,"ALTO PIQUIRI, C E-EF ETI EM P",Ativo
NUCLEO REG. EDUCACAO - UMUARAMA                             ,PEROBAL,41007549,"ANA NERI, C E-EF ETI EM",Ativo
NUCLEO REG. EDUCACAO - UMUARAMA                             ,ALTONIA,41004086,"ANALIA FRANCO, E E DO C-EF",Ativo
NUCLEO REG. EDUCACAO - UMUARAMA                             ,CRUZEIRO DO OESTE,41004957,"ANCHIETA, C E C-M-EF M N",Ativo
NUCLEO REG. EDUCACAO - UMUARAMA                             ,IPORA,41006011,"ANTENOR P DOS SANTOS, C E DR-EF ETI EM",Ativo
NUCLEO REG. EDUCACAO - UMUARAMA                             ,ICARAIMA,41005767,"ANTONIO F F COSTA, C E DES-EF M PROFIS",Ativo
NUCLEO REG. EDUCACAO - UMUARAMA                             ,FRANCISCO ALVES,41005473,"ANTONIO VIEIRA, E E C PE-EF",Ativo
NUCLEO REG. EDUCACAO - UMUARAMA                             ,ESPERANCA NOVA,41007077,"ARTHUR DA C SILVA, C E MAL-EF ETI EM",Ativo
NUCLEO REG. EDUCACAO - UMUARAMA                             ,FRANCISCO ALVES,41005481,"BAIRRO CATARINENSE, C E C DO-EF M",Ativo
NUCLEO REG. EDUCACAO - UMUARAMA                             ,ICARAIMA,41005775,"BENJAMIN CONSTANT, E E C -EF",Ativo
NUCLEO REG. EDUCACAO - UMUARAMA                             ,UMUARAMA,41007670,"BENTO MOSSURUNGA, C E-EF ETI EM N P",Ativo
NUCLEO REG. EDUCACAO - UMUARAMA                             ,MARIA HELENA,41006437,"CARBONERA, C E C-EF M",Ativo
NUCLEO REG. EDUCACAO - UMUARAMA                             ,XAMBRE,41008952,"CASA BRANCA, E E C DE - EF ETI",Ativo
NUCLEO REG. EDUCACAO - UMUARAMA                             ,TAPIRA,41007280,"CASTELO BRANCO, E E C-M PRES-EF",Ativo
NUCLEO REG. EDUCACAO - UMUARAMA                             ,NOVA OLIMPIA,41006976,"CAXIAS, C E DQ DE-EF M PROFIS",Ativo
NUCLEO REG. EDUCACAO - UMUARAMA                             ,ALTO PIQUIRI,41004574,"CAXIAS, E E C DQ DE-EF",Ativo
NUCLEO REG. EDUCACAO - UMUARAMA                             ,CRUZEIRO DO OESTE,41157109,CEEBJA PROF JOAO DA LUZ DA S CORREA-EF M,Ativo
NUCLEO REG. EDUCACAO - UMUARAMA                             ,UMUARAMA,41357299,CEEBJA UMUARAMA-EF M,Ativo
NUCLEO REG. EDUCACAO - UMUARAMA                             ,DOURADINA,41352947,"CLEORACY APARECIDA GIL, C E-EF M PROF",Ativo
NUCLEO REG. EDUCACAO - UMUARAMA                             ,CRUZEIRO DO OESTE,41005090,"CRUZEIRO DO OESTE, C E C-M-EF M PROFIS",Ativo
NUCLEO REG. EDUCACAO - UMUARAMA                             ,DOURADINA,41005384,"DOURADINA, C E C-M-EF M PROFIS",Ativo
NUCLEO REG. EDUCACAO - UMUARAMA                             ,UMUARAMA,41007875,"DURVAL SEIFERT, E E-EF ETI",Ativo
NUCLEO REG. EDUCACAO - UMUARAMA                             ,XAMBRE,41008987,"ELIZA, E E DO C DE-EF",Ativo
NUCLEO REG. EDUCACAO - UMUARAMA                             ,IVATE,41006275,"GETULIO VARGAS, C E C PRES-EF M",Ativo
NUCLEO REG. EDUCACAO - UMUARAMA                             ,CAFEZAL DO SUL,41004809,"GUAIPORA, E E C DE-EF",Ativo
NUCLEO REG. EDUCACAO - UMUARAMA                             ,UMUARAMA,41008057,"HILDA TRAUTWEIN KAMAL, CE PROF-EFM ETI P",Ativo
NUCLEO REG. EDUCACAO - UMUARAMA                             ,IPORA,41006100,"IPORA, C E DE-E F M P",Ativo
NUCLEO REG. EDUCACAO - UMUARAMA                             ,IVATE,41387970,IVATE C E - EF M P,Ativo
NUCLEO REG. EDUCACAO - UMUARAMA                             ,UMUARAMA,41008073,"IZABEL, E E PRINC-EF",Ativo
NUCLEO REG. EDUCACAO - UMUARAMA                             ,CAFEZAL DO SUL,41004906,"JANGADA, E E C-EF",Ativo
NUCLEO REG. EDUCACAO - UMUARAMA                             ,UMUARAMA,41008103,"JARDIM CANADA, E E DO-EF",Ativo
NUCLEO REG. EDUCACAO - UMUARAMA                             ,ALTO PIQUIRI,41004590,"JOAO XXIII, C E PAPA-E M ETI N P",Ativo
NUCLEO REG. EDUCACAO - UMUARAMA                             ,UMUARAMA,41008170,"JOSE BALAN, C E VER-EF ETI EM P",Ativo
NUCLEO REG. EDUCACAO - UMUARAMA                             ,ALTO PIQUIRI,41004612,"JUCUNDINO FURTADO, E E DO C PROF-EF",Ativo
NUCLEO REG. EDUCACAO - UMUARAMA                             ,MARIA HELENA,41006542,"LEONIDIA PACHECO, C E PROFA-EF M PROFIS",Ativo
NUCLEO REG. EDUCACAO - UMUARAMA                             ,UMUARAMA,41008251,"LOURENCO FILHO, C E-EF ETI EM",Ativo
NUCLEO REG. EDUCACAO - UMUARAMA                             ,UMUARAMA,41008260,"LOVAT, C E-EF M",Ativo
NUCLEO REG. EDUCACAO - UMUARAMA                             ,ALTONIA,41004388,"LUCIA A DE OLIVEIRA SCHOFFEN, C E-EF M",Ativo
NUCLEO REG. EDUCACAO - UMUARAMA                             ,ALTONIA,41004400,"MALBA TAHAN, C E-EF ETI EM N P",Ativo
NUCLEO REG. EDUCACAO - UMUARAMA                             ,ALTO PIQUIRI,41004647,"MANUEL BANDEIRA, E E-EF ETI",Ativo
NUCLEO REG. EDUCACAO - UMUARAMA                             ,UMUARAMA,41008316,"MANUEL DA NOBREGA, C E C-M PE-EF M",Ativo
NUCLEO REG. EDUCACAO - UMUARAMA                             ,UMUARAMA,41008413,"MONTEIRO LOBATO, C E C-M-EF M PROFIS",Ativo
NUCLEO REG. EDUCACAO - UMUARAMA                             ,UMUARAMA,41008111,"NEIVA PAVAN M GARCIA, C E PROFA - EF M",Ativo
NUCLEO REG. EDUCACAO - UMUARAMA                             ,PEROLA,41007131,"NESTOR VICTOR, C E C-M -EFMNP",Ativo
NUCLEO REG. EDUCACAO - UMUARAMA                             ,TAPIRA,41007387,"OURO VERDE, E E C-EF",Ativo
NUCLEO REG. EDUCACAO - UMUARAMA                             ,ALTONIA,41004477,"OURO VERDE, E E DO C-EF",Ativo
NUCLEO REG. EDUCACAO - UMUARAMA                             ,UMUARAMA,41008464,"PARQUE JABUTICABEIRA, C E-EF M",Ativo
NUCLEO REG. EDUCACAO - UMUARAMA                             ,UMUARAMA,41008863,"PAULO A TOMAZINHO, C E PROF-EF M PROFIS",Ativo
NUCLEO REG. EDUCACAO - UMUARAMA                             ,XAMBRE,41009029,"PAULO VI, C E-EF ETI EM P",Ativo
NUCLEO REG. EDUCACAO - UMUARAMA                             ,IPORA,41006186,"PEDRO I, E E C D-EF",Ativo
NUCLEO REG. EDUCACAO - UMUARAMA                             ,UMUARAMA,41008537,"PEDRO II, C E-EF M PROFIS",Ativo
NUCLEO REG. EDUCACAO - UMUARAMA                             ,PEROLA,41007140,"PEROLA BYINGTON, C E DONA-EF M ETI",Ativo
NUCLEO REG. EDUCACAO - UMUARAMA                             ,SAO JORGE DO PATROCINIO,41007212,"PETRONIO PORTELA, C E MIN-EF M P",Ativo
NUCLEO REG. EDUCACAO - UMUARAMA                             ,ICARAIMA,41005929,"PORTO CAMARGO, E E C DE -EF",Ativo
NUCLEO REG. EDUCACAO - UMUARAMA                             ,IVATE,41006348,"RACHEL DE QUEIROZ, C E-EF M N",Ativo
NUCLEO REG. EDUCACAO - UMUARAMA                             ,UMUARAMA,41008693,"SANTA ELIZA, C E-EF M ETI",Ativo
NUCLEO REG. EDUCACAO - UMUARAMA                             ,ALTONIA,41004540,"SAO JOAO, E E C -EF",Ativo
NUCLEO REG. EDUCACAO - UMUARAMA                             ,TAPIRA,41007441,"SAO JOSE, C E-EF M",Ativo
NUCLEO REG. EDUCACAO - UMUARAMA                             ,CRUZEIRO DO OESTE,41005325,"SAO SILVESTRE, E E DO C-EF",Ativo
NUCLEO REG. EDUCACAO - UMUARAMA                             ,CRUZEIRO DO OESTE,41005341,"TAMANDARE, C E ALM-EFM ETI P",Ativo
NUCLEO REG. EDUCACAO - UMUARAMA                             ,CAFEZAL DO SUL,41004892,"TIRADENTES, C E-EF ETI EM P",Ativo
NUCLEO REG. EDUCACAO - UMUARAMA                             ,UMUARAMA,41008839,"TIRADENTES, C E-EF M PROFIS",Ativo
NUCLEO REG. EDUCACAO - UMUARAMA                             ,UMUARAMA,41384733,"UMUARAMA, C A E DE-E PROFIS",Ativo
NUCLEO REG. EDUCACAO - UMUARAMA                             ,FRANCISCO ALVES,41005740,"VICENTE TOMAZINI, C E-E F M P",Ativo
NUCLEO REG. EDUCACAO - UMUARAMA                             ,ALTO PARAISO,41008936,"VILA ALTA, C E-EF M",Ativo
NUCLEO REG. EDUCACAO - UMUARAMA                             ,IPORA,41006240,"VILA NILZA, E E C-EF ETI",Ativo
NUCLEO REG. EDUCACAO - UMUARAMA                             ,ALTO PIQUIRI,41004728,"VINICIUS DE MORAES, E E DO C-EF",Ativo
NUCLEO REG. EDUCACAO - UMUARAMA                             ,UMUARAMA,41008472,"ZILDA ARNS, C E C-M DRA- EF M PROFIS",Ativo
NUCLEO REG. EDUCACAO - UNIAO VITORIA                        ,UNIAO DA VITORIA,41117794,"ADILES BORDIN, C E-E F M P",Ativo
NUCLEO REG. EDUCACAO - UNIAO VITORIA                        ,GENERAL CARNEIRO,41116615,"ANA BOICO OLINQUEVICZ, C E-EF ETI EM",Ativo
NUCLEO REG. EDUCACAO - UNIAO VITORIA                        ,UNIAO DA VITORIA,41118405,"ANIZ DOMINGOS, C E C PROF-EF ETI EM",Ativo
NUCLEO REG. EDUCACAO - UNIAO VITORIA                        ,SAO MATEUS DO SUL,41119320,"ANSELMO FOLLADOR, E E DO C-EF",Ativo
NUCLEO REG. EDUCACAO - UNIAO VITORIA                        ,UNIAO DA VITORIA,41117883,"ASTOLPHO MACEDO SOUZA, C E-EF M",Ativo
NUCLEO REG. EDUCACAO - UNIAO VITORIA                        ,UNIAO DA VITORIA,41117905,"BERNARDINA SCHLEDER, C E C-M-EF M",Ativo
NUCLEO REG. EDUCACAO - UNIAO VITORIA                        ,BITURUNA,41352734,"BITURUNA - C E, EF ETI EM",Ativo
NUCLEO REG. EDUCACAO - UNIAO VITORIA                        ,PORTO VITORIA,41117662,"CASIMIRO DE ABREU, C E-EF M",Ativo
NUCLEO REG. EDUCACAO - UNIAO VITORIA                        ,ANTONIO OLINTO,41118502,"CAXIAS, C E C DQ-EF M",Ativo
NUCLEO REG. EDUCACAO - UNIAO VITORIA                        ,SAO MATEUS DO SUL,41119398,"CAXIAS, C E DQ DE-EF M PROFIS",Ativo
NUCLEO REG. EDUCACAO - UNIAO VITORIA                        ,ANTONIO OLINTO,41382846,"CECILIA MEIRELES, C E DO C-EF M",Ativo
NUCLEO REG. EDUCACAO - UNIAO VITORIA                        ,SAO MATEUS DO SUL,41145534,CEEBJA DE SAO MATEUS DO SUL-EF M,Ativo
NUCLEO REG. EDUCACAO - UNIAO VITORIA                        ,UNIAO DA VITORIA,41357264,CEEBJA DE UNIAO DA VITORIA-EF M,Ativo
NUCLEO REG. EDUCACAO - UNIAO VITORIA                        ,SAO MATEUS DO SUL,41165977,CENTRO EST ED PROF AGR SAO MATEUS SUL,Ativo
NUCLEO REG. EDUCACAO - UNIAO VITORIA                        ,CRUZ MACHADO,41165985,CENTRO EST EDUC PROF AGR CRUZ MACHADO,Ativo
NUCLEO REG. EDUCACAO - UNIAO VITORIA                        ,CRUZ MACHADO,41115937,"CERRO AZUL, C E BAR DO-EF M N PROFIS",Ativo
NUCLEO REG. EDUCACAO - UNIAO VITORIA                        ,BITURUNA,41115317,"CLARA, C E DO C IR-EF M",Ativo
NUCLEO REG. EDUCACAO - UNIAO VITORIA                        ,ANTONIO OLINTO,41386604,"ERNESTINA W DA SILVEIRA, C E DO C P-EF M",Ativo
NUCLEO REG. EDUCACAO - UNIAO VITORIA                        ,CRUZ MACHADO,41116020,"ESTANISLAU WRUBLEWSKI, C E DO C P-EF M P",Ativo
NUCLEO REG. EDUCACAO - UNIAO VITORIA                        ,SAO MATEUS DO SUL,41354001,"EUGENIO DE ALMEIDA, C E DO C PROF-EF M P",Ativo
NUCLEO REG. EDUCACAO - UNIAO VITORIA                        ,PAULO FRONTIN,41377656,"FRANCISCO GAWLOUSKI, C E C PROF-EF M",Ativo
NUCLEO REG. EDUCACAO - UNIAO VITORIA                        ,UNIAO DA VITORIA,41383478,"GIUSEPPE BUGATTI, C E PE-EF ETI EM",Ativo
NUCLEO REG. EDUCACAO - UNIAO VITORIA                        ,CRUZ MACHADO,41384628,"HELENA KOLODY, C E DO C-EF M",Ativo
NUCLEO REG. EDUCACAO - UNIAO VITORIA                        ,UNIAO DA VITORIA,41118081,"INOCENCIO DE OLIVEIRA, C E-EF M ETI",Ativo
NUCLEO REG. EDUCACAO - UNIAO VITORIA                        ,GENERAL CARNEIRO,41116771,"IZELINA D.GAIOVICZ, C E - EF M",Ativo
NUCLEO REG. EDUCACAO - UNIAO VITORIA                        ,PAULA FREITAS,41117166,"JOAO DE LARA, C E DO C-EI EF M",Ativo
NUCLEO REG. EDUCACAO - UNIAO VITORIA                        ,UNIAO DA VITORIA,41118154,"JOSE DE ANCHIETA, C E-EF M ETI P",Ativo
NUCLEO REG. EDUCACAO - UNIAO VITORIA                        ,UNIAO DA VITORIA,41118189,"JUDITH SIMAS CANELLAS, C E-EF M",Ativo
NUCLEO REG. EDUCACAO - UNIAO VITORIA                        ,SAO MATEUS DO SUL,41119630,"LAJEADO, C E DO C DO-EF ETI EM",Ativo
NUCLEO REG. EDUCACAO - UNIAO VITORIA                        ,PAULA FREITAS,41117182,"MARINA MARES DE SOUZA, C E-EF M",Ativo
NUCLEO REG. EDUCACAO - UNIAO VITORIA                        ,UNIAO DA VITORIA,41118294,"NEUSA DOMIT, C E-EF M PROFIS",Ativo
NUCLEO REG. EDUCACAO - UNIAO VITORIA                        ,BITURUNA,41358791,"NOVO MILENIO, C E C-M-EF M",Ativo
NUCLEO REG. EDUCACAO - UNIAO VITORIA                        ,SAO MATEUS DO SUL,41119746,"ORLANDA D SANTOS, C E PROFA-EF M PROFIS",Ativo
NUCLEO REG. EDUCACAO - UNIAO VITORIA                        ,SAO MATEUS DO SUL,41119770,"PAULO STENCEL, C E PROF-EF M",Ativo
NUCLEO REG. EDUCACAO - UNIAO VITORIA                        ,GENERAL CARNEIRO,41116895,"PEDRO ARAUJO NETO, C E-EF M N PROFIS",Ativo
NUCLEO REG. EDUCACAO - UNIAO VITORIA                        ,PAULO FRONTIN,41117450,"PEDRO BUSKO, C E MONS-EF M PROFIS",Ativo
NUCLEO REG. EDUCACAO - UNIAO VITORIA                        ,UNIAO DA VITORIA,41118359,"PEDRO STELMACHUK, C E-EF M",Ativo
NUCLEO REG. EDUCACAO - UNIAO VITORIA                        ,UNIAO DA VITORIA,41163176,"POL MILITAR DE UNIAO D VITORIA,C DA-EF M",Ativo
NUCLEO REG. EDUCACAO - UNIAO VITORIA                        ,UNIAO DA VITORIA,41373804,"RIO VERMELHO, C E DO C-EF M",Ativo
NUCLEO REG. EDUCACAO - UNIAO VITORIA                        ,BITURUNA,41115635,"SANTA BARBARA, C E-EF M N PROFIS",Ativo
NUCLEO REG. EDUCACAO - UNIAO VITORIA                        ,BITURUNA,41384741,"SANTA IZABEL, C E C-EF M",Ativo
NUCLEO REG. EDUCACAO - UNIAO VITORIA                        ,UNIAO DA VITORIA,41118391,"SAO CRISTOVAO, C E-EF M PROFIS",Ativo
NUCLEO REG. EDUCACAO - UNIAO VITORIA                        ,GENERAL CARNEIRO,41384849,"SAO FRANCISCO DE ASSIS, C E C-EF M",Ativo
NUCLEO REG. EDUCACAO - UNIAO VITORIA                        ,SAO MATEUS DO SUL,41119860,"SAO MATEUS, C E-EF ETI M P N",Ativo
NUCLEO REG. EDUCACAO - UNIAO VITORIA                        ,UNIAO DA VITORIA,41118430,"TULIO DE FRANCA, C E-EF ETI EM N P",Ativo
NUCLEO REG. EDUCACAO - UNIAO VITORIA                        ,SAO MATEUS DO SUL,41119908,"TURVO, C E DO C-EF M",Ativo
NUCLEO REG. EDUCACAO - UNIAO VITORIA                        ,SAO MATEUS DO SUL,41374223,"ZULEIDE S PORTES, C E PROF-EF M",Ativo
NUCLEO REG. EDUCACAO - WENCESLAU BRAZ,JAGUARIAIVA,41058348,"ANITA CANET, C E C-M-EF M",Ativo
NUCLEO REG. EDUCACAO - WENCESLAU BRAZ,SENGES,41059166,"ANITA GRANDI SALMON, C E-EF ETI EM P",Ativo
NUCLEO REG. EDUCACAO - WENCESLAU BRAZ,SALTO DO ITARARE,41051629,"ANTONIO DELFINO FRAGOSO, C E-EF M",Ativo
NUCLEO REG. EDUCACAO - WENCESLAU BRAZ,WENCESLAU BRAZ,41053230,"ARY BARROSO, E E-EF ETI",Ativo
NUCLEO REG. EDUCACAO - WENCESLAU BRAZ,ARAPOTI,41057481,"CALOGERAS, C E DO C DE-EF M",Ativo
NUCLEO REG. EDUCACAO - WENCESLAU BRAZ,ARAPOTI,41057520,"CARMELINA F PEDROSO, C E-EF M PROFIS",Ativo
NUCLEO REG. EDUCACAO - WENCESLAU BRAZ,JAGUARIAIVA,41357370,CEEBJA PROF IGNACIO A S FILHO-EF M,Ativo
NUCLEO REG. EDUCACAO - WENCESLAU BRAZ,WENCESLAU BRAZ,41357493,CEEBJA WENCESLAU BRAZ-EF M,Ativo
NUCLEO REG. EDUCACAO - WENCESLAU BRAZ,ARAPOTI,41568923,CENTRO EST EDUC PROFIS DE ARAPOTI,Ativo
NUCLEO REG. EDUCACAO - WENCESLAU BRAZ,ARAPOTI,41381840,"CERRADO DAS CINZAS, C E DO C-EF M",Ativo
NUCLEO REG. EDUCACAO - WENCESLAU BRAZ,SENGES,41059255,"COSTA E SILVA, C E PRES-EF M N",Ativo
NUCLEO REG. EDUCACAO - WENCESLAU BRAZ,ARAPOTI,41057597,"COSTA NETO, C E CEL-EF M",Ativo
NUCLEO REG. EDUCACAO - WENCESLAU BRAZ,SENGES,41059280,"ERASMO BRAGA, C E PROF-EF ETI EM P",Ativo
NUCLEO REG. EDUCACAO - WENCESLAU BRAZ,SENGES,41059301,"FRANCISCO DA S REIS, C E DO C PROF-EF M",Ativo
NUCLEO REG. EDUCACAO - WENCESLAU BRAZ,SALTO DO ITARARE,41051700,"GABRIEL BERTONI, E E-EF",Ativo
NUCLEO REG. EDUCACAO - WENCESLAU BRAZ,SANTANA DO ITARARE,41051939,"HUMBERTO DE A C BRANCO, C E DO C-EF M P",Ativo
NUCLEO REG. EDUCACAO - WENCESLAU BRAZ,ARAPOTI,41057694,"JOAO PAULO II, C E C-M-EF M",Ativo
NUCLEO REG. EDUCACAO - WENCESLAU BRAZ,JAGUARIAIVA,41058380,"JOSE DE ANCHIETA, C E PE-EF M PROFIS",Ativo
NUCLEO REG. EDUCACAO - WENCESLAU BRAZ,SALTO DO ITARARE,41051750,"JOSE S DE SOUZA, E E C-EF",Ativo
NUCLEO REG. EDUCACAO - WENCESLAU BRAZ,SENGES,41059344,"LAURO S DE OLIVEIRA, C E DO C PROF-EF M",Ativo
NUCLEO REG. EDUCACAO - WENCESLAU BRAZ,SAO JOSE DA BOA VISTA,41052242,"MARIA I GUIMARAES, C E-EM PROFIS",Ativo
NUCLEO REG. EDUCACAO - WENCESLAU BRAZ,WENCESLAU BRAZ,41053494,"MIGUEL NASSIF MALUF, C E C-M-EF M",Ativo
NUCLEO REG. EDUCACAO - WENCESLAU BRAZ,WENCESLAU BRAZ,41053508,"MILTON BENNER, E E PROF-EF",Ativo
NUCLEO REG. EDUCACAO - WENCESLAU BRAZ,JAGUARIAIVA,41058453,"MILTON SGUARIO, C E C-EF M PROFIS",Ativo
NUCLEO REG. EDUCACAO - WENCESLAU BRAZ,SAO JOSE DA BOA VISTA,41052250,"NEWTON SAMPAIO, C E C-M-EF M",Ativo
NUCLEO REG. EDUCACAO - WENCESLAU BRAZ,JAGUARIAIVA,41058488,"NILO PECANHA, C E-EF M PROFIS",Ativo
NUCLEO REG. EDUCACAO - WENCESLAU BRAZ,JAGUARIAIVA,41058496,"OLAVO BILAC, C E C-M-EF M",Ativo
NUCLEO REG. EDUCACAO - WENCESLAU BRAZ,WENCESLAU BRAZ,41053540,"PATRIMONIO SAO MIGUEL, C E C-EF M",Ativo
NUCLEO REG. EDUCACAO - WENCESLAU BRAZ,JAGUARIAIVA,41058585,"RODRIGUES ALVES, C E-EF M N PROFIS",Ativo
NUCLEO REG. EDUCACAO - WENCESLAU BRAZ,ARAPOTI,41057872,"RUI BARBOSA, C E-EF M N PROFIS",Ativo
NUCLEO REG. EDUCACAO - WENCESLAU BRAZ,WENCESLAU BRAZ,41053702,"SEBASTIAO PARANA, C E DR-EM PROFIS N",Ativo
NUCLEO REG. EDUCACAO - WENCESLAU BRAZ,SENGES,41167139,"ZELIA DE M SANTOS, CEC PROF-EF ETI EM",Ativo